[INFO] Scanning for projects...
[INFO] 
[INFO] --< org.horndevelopmentteam:banking-transaction-risk-fraud-monitoring >--
[INFO] Building banking-transaction-risk-fraud-monitoring 0.0.1-SNAPSHOT
[INFO]   from pom.xml
[INFO] --------------------------------[ jar ]---------------------------------
[INFO] 
[INFO] >>> spring-boot:4.1.0:run (default-cli) > test-compile @ banking-transaction-risk-fraud-monitoring >>>
[INFO] 
[INFO] --- resources:3.5.0:resources (default-resources) @ banking-transaction-risk-fraud-monitoring ---
[INFO] Copying 2 resources from src\main\resources to target\classes
[INFO] Copying 2 resources from src\main\resources to target\classes
[INFO] 
[INFO] --- compiler:3.15.0:compile (default-compile) @ banking-transaction-risk-fraud-monitoring ---
[INFO] Recompiling the module because of changed source code.
[INFO] Compiling 167 source files with javac [debug parameters release 21] to target\classes
[INFO] 
[INFO] --- resources:3.5.0:testResources (default-testResources) @ banking-transaction-risk-fraud-monitoring ---
[INFO] skip non existing resourceDirectory C:\Users\Owner\IdeaProjects\banking-transaction-risk-fraud-monitoring\src\test\resources
[INFO] 
[INFO] --- compiler:3.15.0:testCompile (default-testCompile) @ banking-transaction-risk-fraud-monitoring ---
[INFO] Recompiling the module because of changed dependency.
[INFO] Compiling 4 source files with javac [debug parameters release 21] to target\test-classes
[INFO] 
[INFO] <<< spring-boot:4.1.0:run (default-cli) < test-compile @ banking-transaction-risk-fraud-monitoring <<<
[INFO] 
[INFO] 
[INFO] --- spring-boot:4.1.0:run (default-cli) @ banking-transaction-risk-fraud-monitoring ---
[INFO] Attaching agents: []

  .   ____          _            __ _ _
 /\\ / ___'_ __ _ _(_)_ __  __ _ \ \ \ \
( ( )\___ | '_ | '_| | '_ \/ _` | \ \ \ \
 \\/  ___)| |_)| | | | | || (_| |  ) ) ) )
  '  |____| .__|_| |_|_| |_\__, | / / / /
 =========|_|==============|___/=/_/_/_/

 :: Spring Boot ::                (v4.1.0)

2026-07-10T01:08:53.322+03:00  INFO 42096 --- [banking-transaction-risk-fraud-monitoring] [  restartedMain] ransactionRiskFraudMonitoringApplication : Starting BankingTransactionRiskFraudMonitoringApplication using Java 21.0.11 with PID 42096 (C:\Users\Owner\IdeaProjects\banking-transaction-risk-fraud-monitoring\target\classes started by Owner in C:\Users\Owner\IdeaProjects\banking-transaction-risk-fraud-monitoring)
2026-07-10T01:08:53.325+03:00 DEBUG 42096 --- [banking-transaction-risk-fraud-monitoring] [  restartedMain] ransactionRiskFraudMonitoringApplication : Running with Spring Boot v4.1.0, Spring v7.0.8
2026-07-10T01:08:53.326+03:00  INFO 42096 --- [banking-transaction-risk-fraud-monitoring] [  restartedMain] ransactionRiskFraudMonitoringApplication : The following 1 profile is active: "dev"
2026-07-10T01:08:53.379+03:00  INFO 42096 --- [banking-transaction-risk-fraud-monitoring] [  restartedMain] .e.DevToolsPropertyDefaultsPostProcessor : Devtools property defaults active! Set 'spring.devtools.add-properties' to 'false' to disable
2026-07-10T01:08:53.379+03:00  INFO 42096 --- [banking-transaction-risk-fraud-monitoring] [  restartedMain] .e.DevToolsPropertyDefaultsPostProcessor : For additional web related logging consider setting the 'logging.level.web' property to 'DEBUG'
2026-07-10T01:08:53.399+03:00  INFO 42096 --- [banking-transaction-risk-fraud-monitoring] [  restartedMain] .s.b.d.c.l.DockerComposeLifecycleManager : Using Docker Compose file C:\Users\Owner\IdeaProjects\banking-transaction-risk-fraud-monitoring\docker-compose.yml
2026-07-10T01:08:55.710+03:00  INFO 42096 --- [banking-transaction-risk-fraud-monitoring] [  restartedMain] .s.b.d.c.l.DockerComposeLifecycleManager : There are already Docker Compose services running, skipping startup
2026-07-10T01:08:58.528+03:00  INFO 42096 --- [banking-transaction-risk-fraud-monitoring] [  restartedMain] .s.d.r.c.RepositoryConfigurationDelegate : Bootstrapping Spring Data JPA repositories in DEFAULT mode.
2026-07-10T01:08:58.762+03:00  INFO 42096 --- [banking-transaction-risk-fraud-monitoring] [  restartedMain] .s.d.r.c.RepositoryConfigurationDelegate : Finished Spring Data repository scanning in 206 ms. Found 21 JPA repository interfaces.
2026-07-10T01:09:00.501+03:00  INFO 42096 --- [banking-transaction-risk-fraud-monitoring] [  restartedMain] o.s.boot.tomcat.TomcatWebServer          : Tomcat initialized with port 8081 (http)
2026-07-10T01:09:00.530+03:00  INFO 42096 --- [banking-transaction-risk-fraud-monitoring] [  restartedMain] o.apache.catalina.core.StandardService   : Starting service [Tomcat]
2026-07-10T01:09:00.531+03:00  INFO 42096 --- [banking-transaction-risk-fraud-monitoring] [  restartedMain] o.apache.catalina.core.StandardEngine    : Starting Servlet engine: [Apache Tomcat/11.0.22]
2026-07-10T01:09:00.630+03:00  INFO 42096 --- [banking-transaction-risk-fraud-monitoring] [  restartedMain] b.w.c.s.WebApplicationContextInitializer : Root WebApplicationContext: initialization completed in 4906 ms
2026-07-10T01:09:00.978+03:00 DEBUG 42096 --- [banking-transaction-risk-fraud-monitoring] [  restartedMain] o.h.b.security.JwtAuthenticationFilter   : Filter 'jwtAuthenticationFilter' configured for use
2026-07-10T01:09:01.268+03:00  INFO 42096 --- [banking-transaction-risk-fraud-monitoring] [  restartedMain] org.hibernate.orm.jpa                    : HHH008540: Processing PersistenceUnitInfo [name: default]
2026-07-10T01:09:01.397+03:00  INFO 42096 --- [banking-transaction-risk-fraud-monitoring] [  restartedMain] org.hibernate.orm.core                   : HHH000001: Hibernate ORM core version 7.4.1.Final
2026-07-10T01:09:02.218+03:00  INFO 42096 --- [banking-transaction-risk-fraud-monitoring] [  restartedMain] o.s.o.j.p.SpringPersistenceUnitInfo      : No LoadTimeWeaver setup: ignoring JPA class transformer
2026-07-10T01:09:02.299+03:00  INFO 42096 --- [banking-transaction-risk-fraud-monitoring] [  restartedMain] com.zaxxer.hikari.HikariDataSource       : HikariPool-1 - Starting...
2026-07-10T01:09:02.617+03:00  INFO 42096 --- [banking-transaction-risk-fraud-monitoring] [  restartedMain] com.zaxxer.hikari.pool.HikariPool        : HikariPool-1 - Added connection org.postgresql.jdbc.PgConnection@5c067cb9
2026-07-10T01:09:02.619+03:00  INFO 42096 --- [banking-transaction-risk-fraud-monitoring] [  restartedMain] com.zaxxer.hikari.HikariDataSource       : HikariPool-1 - Start completed.
2026-07-10T01:09:02.754+03:00  INFO 42096 --- [banking-transaction-risk-fraud-monitoring] [  restartedMain] org.hibernate.orm.connections.pooling    : HHH10001005: Database info:
	Database JDBC URL [jdbc:postgresql://127.0.0.1:5544/fraud_monitoring_db?ApplicationName=banking-transaction-risk-fraud-monitoring]
	Database driver: PostgreSQL JDBC Driver
	Database dialect: PostgreSQLDialect
	Database version: 16.14
	Default catalog/schema: fraud_monitoring_db/public
	Autocommit mode: undefined/unknown
	Isolation level: READ_COMMITTED [default READ_COMMITTED]
	JDBC fetch size: none
	Pool: DataSourceConnectionProvider
	Minimum pool size: undefined/unknown
	Maximum pool size: undefined/unknown
2026-07-10T01:09:05.325+03:00  INFO 42096 --- [banking-transaction-risk-fraud-monitoring] [  restartedMain] org.hibernate.orm.core                   : HHH000489: No JTA platform available (set 'hibernate.transaction.jta.platform' to enable JTA platform integration)
2026-07-10T01:09:05.496+03:00  INFO 42096 --- [banking-transaction-risk-fraud-monitoring] [  restartedMain] j.LocalContainerEntityManagerFactoryBean : Initialized JPA EntityManagerFactory for persistence unit 'default'
2026-07-10T01:09:05.684+03:00  INFO 42096 --- [banking-transaction-risk-fraud-monitoring] [  restartedMain] o.s.d.j.r.query.QueryEnhancerFactories   : Hibernate is in classpath; If applicable, HQL parser will be used.
2026-07-10T01:09:07.545+03:00  WARN 42096 --- [banking-transaction-risk-fraud-monitoring] [  restartedMain] .s.a.UserDetailsServiceAutoConfiguration : 

Using generated security password: bf06da7a-e00d-4776-b448-5cdd7b3c421b

This generated password is for development use only. Your security configuration must be updated before running your application in production.

2026-07-10T01:09:07.556+03:00  INFO 42096 --- [banking-transaction-risk-fraud-monitoring] [  restartedMain] r$InitializeUserDetailsManagerConfigurer : Global AuthenticationManager configured with UserDetailsService bean with name inMemoryUserDetailsManager
2026-07-10T01:09:09.101+03:00  INFO 42096 --- [banking-transaction-risk-fraud-monitoring] [  restartedMain] o.s.b.a.e.web.EndpointLinksResolver      : Exposing 1 endpoint beneath base path '/actuator'
2026-07-10T01:09:09.297+03:00  INFO 42096 --- [banking-transaction-risk-fraud-monitoring] [  restartedMain] o.s.boot.tomcat.TomcatWebServer          : Tomcat started on port 8081 (http) with context path '/'
2026-07-10T01:09:09.311+03:00  INFO 42096 --- [banking-transaction-risk-fraud-monitoring] [  restartedMain] ransactionRiskFraudMonitoringApplication : Started BankingTransactionRiskFraudMonitoringApplication in 16.537 seconds (process running for 17.164)
2026-07-10T01:09:09.548+03:00  INFO 42096 --- [banking-transaction-risk-fraud-monitoring] [nio-8081-exec-2] o.a.c.c.C.[Tomcat].[localhost].[/]       : Initializing Spring DispatcherServlet 'dispatcherServlet'
2026-07-10T01:09:09.549+03:00  INFO 42096 --- [banking-transaction-risk-fraud-monitoring] [nio-8081-exec-2] o.s.web.servlet.DispatcherServlet        : Initializing Servlet 'dispatcherServlet'
2026-07-10T01:09:09.554+03:00  INFO 42096 --- [banking-transaction-risk-fraud-monitoring] [nio-8081-exec-2] o.s.web.servlet.DispatcherServlet        : Completed initialization in 5 ms
2026-07-10T01:09:10.207+03:00 DEBUG 42096 --- [banking-transaction-risk-fraud-monitoring] [  restartedMain] org.hibernate.SQL                        : 
    select
        au1_0.id 
    from
        app_users au1_0 
    where
        au1_0.role=? 
    fetch
        first ? rows only
Hibernate: 
    select
        au1_0.id 
    from
        app_users au1_0 
    where
        au1_0.role=? 
    fetch
        first ? rows only
2026-07-10T01:09:10.273+03:00 DEBUG 42096 --- [banking-transaction-risk-fraud-monitoring] [  restartedMain] org.hibernate.SQL                        : 
    select
        count(*) 
    from
        customers c1_0
Hibernate: 
    select
        count(*) 
    from
        customers c1_0
2026-07-10T01:09:20.666+03:00 DEBUG 42096 --- [banking-transaction-risk-fraud-monitoring] [nio-8081-exec-4] org.hibernate.SQL                        : 
    select
        au1_0.id,
        au1_0.created_at,
        au1_0.email,
        au1_0.full_name,
        au1_0.last_login_at,
        au1_0.password_hash,
        au1_0.role,
        au1_0.status,
        au1_0.updated_at,
        au1_0.user_id,
        au1_0.username 
    from
        app_users au1_0 
    where
        au1_0.username=?
Hibernate: 
    select
        au1_0.id,
        au1_0.created_at,
        au1_0.email,
        au1_0.full_name,
        au1_0.last_login_at,
        au1_0.password_hash,
        au1_0.role,
        au1_0.status,
        au1_0.updated_at,
        au1_0.user_id,
        au1_0.username 
    from
        app_users au1_0 
    where
        au1_0.username=?
2026-07-10T01:09:20.923+03:00 DEBUG 42096 --- [banking-transaction-risk-fraud-monitoring] [nio-8081-exec-4] org.hibernate.SQL                        : 
    insert 
    into
        audit_logs
        (created_at, description, entity_id, entity_type, event_type, new_value, old_value, role, username) 
    values
        (?, ?, ?, ?, ?, ?, ?, ?, ?)
Hibernate: 
    insert 
    into
        audit_logs
        (created_at, description, entity_id, entity_type, event_type, new_value, old_value, role, username) 
    values
        (?, ?, ?, ?, ?, ?, ?, ?, ?)
2026-07-10T01:09:20.981+03:00 DEBUG 42096 --- [banking-transaction-risk-fraud-monitoring] [nio-8081-exec-4] org.hibernate.SQL                        : 
    update
        app_users 
    set
        email=?,
        full_name=?,
        last_login_at=?,
        password_hash=?,
        role=?,
        status=?,
        updated_at=?,
        username=? 
    where
        id=?
Hibernate: 
    update
        app_users 
    set
        email=?,
        full_name=?,
        last_login_at=?,
        password_hash=?,
        role=?,
        status=?,
        updated_at=?,
        username=? 
    where
        id=?
2026-07-10T01:09:21.505+03:00 DEBUG 42096 --- [banking-transaction-risk-fraud-monitoring] [nio-8081-exec-5] org.hibernate.SQL                        : 
    select
        rs1_0.id,
        rs1_0.created_at,
        rs1_0.explanation,
        rs1_0.final_score,
        rs1_0.ml_explanation,
        rs1_0.ml_score,
        rs1_0.risk_level,
        rs1_0.rule_score,
        rs1_0.scoring_source,
        rs1_0.transaction_id,
        rs1_0.triggered_rules 
    from
        risk_scores rs1_0
Hibernate: 
    select
        rs1_0.id,
        rs1_0.created_at,
        rs1_0.explanation,
        rs1_0.final_score,
        rs1_0.ml_explanation,
        rs1_0.ml_score,
        rs1_0.risk_level,
        rs1_0.rule_score,
        rs1_0.scoring_source,
        rs1_0.transaction_id,
        rs1_0.triggered_rules 
    from
        risk_scores rs1_0
2026-07-10T01:09:21.766+03:00 DEBUG 42096 --- [banking-transaction-risk-fraud-monitoring] [nio-8081-exec-5] org.hibernate.SQL                        : 
    select
        bt1_0.id,
        bt1_0.amount,
        bt1_0.channel,
        bt1_0.country,
        bt1_0.created_at,
        bt1_0.currency,
        bt1_0.customer_id,
        bt1_0.destination_account_id,
        bt1_0.device_id,
        bt1_0.ip_address,
        bt1_0.merchant_category,
        bt1_0.source_account_id,
        bt1_0.status,
        bt1_0.transaction_id,
        bt1_0.transaction_type 
    from
        banking_transactions bt1_0 
    where
        bt1_0.id=?
Hibernate: 
    select
        bt1_0.id,
        bt1_0.amount,
        bt1_0.channel,
        bt1_0.country,
        bt1_0.created_at,
        bt1_0.currency,
        bt1_0.customer_id,
        bt1_0.destination_account_id,
        bt1_0.device_id,
        bt1_0.ip_address,
        bt1_0.merchant_category,
        bt1_0.source_account_id,
        bt1_0.status,
        bt1_0.transaction_id,
        bt1_0.transaction_type 
    from
        banking_transactions bt1_0 
    where
        bt1_0.id=?
2026-07-10T01:09:21.771+03:00 DEBUG 42096 --- [banking-transaction-risk-fraud-monitoring] [nio-8081-exec-5] org.hibernate.SQL                        : 
    select
        bt1_0.id,
        bt1_0.amount,
        bt1_0.channel,
        bt1_0.country,
        bt1_0.created_at,
        bt1_0.currency,
        bt1_0.customer_id,
        bt1_0.destination_account_id,
        bt1_0.device_id,
        bt1_0.ip_address,
        bt1_0.merchant_category,
        bt1_0.source_account_id,
        bt1_0.status,
        bt1_0.transaction_id,
        bt1_0.transaction_type 
    from
        banking_transactions bt1_0 
    where
        bt1_0.id=?
Hibernate: 
    select
        bt1_0.id,
        bt1_0.amount,
        bt1_0.channel,
        bt1_0.country,
        bt1_0.created_at,
        bt1_0.currency,
        bt1_0.customer_id,
        bt1_0.destination_account_id,
        bt1_0.device_id,
        bt1_0.ip_address,
        bt1_0.merchant_category,
        bt1_0.source_account_id,
        bt1_0.status,
        bt1_0.transaction_id,
        bt1_0.transaction_type 
    from
        banking_transactions bt1_0 
    where
        bt1_0.id=?
2026-07-10T01:09:21.775+03:00 DEBUG 42096 --- [banking-transaction-risk-fraud-monitoring] [nio-8081-exec-5] org.hibernate.SQL                        : 
    select
        bt1_0.id,
        bt1_0.amount,
        bt1_0.channel,
        bt1_0.country,
        bt1_0.created_at,
        bt1_0.currency,
        bt1_0.customer_id,
        bt1_0.destination_account_id,
        bt1_0.device_id,
        bt1_0.ip_address,
        bt1_0.merchant_category,
        bt1_0.source_account_id,
        bt1_0.status,
        bt1_0.transaction_id,
        bt1_0.transaction_type 
    from
        banking_transactions bt1_0 
    where
        bt1_0.id=?
Hibernate: 
    select
        bt1_0.id,
        bt1_0.amount,
        bt1_0.channel,
        bt1_0.country,
        bt1_0.created_at,
        bt1_0.currency,
        bt1_0.customer_id,
        bt1_0.destination_account_id,
        bt1_0.device_id,
        bt1_0.ip_address,
        bt1_0.merchant_category,
        bt1_0.source_account_id,
        bt1_0.status,
        bt1_0.transaction_id,
        bt1_0.transaction_type 
    from
        banking_transactions bt1_0 
    where
        bt1_0.id=?
2026-07-10T01:09:21.778+03:00 DEBUG 42096 --- [banking-transaction-risk-fraud-monitoring] [nio-8081-exec-5] org.hibernate.SQL                        : 
    select
        bt1_0.id,
        bt1_0.amount,
        bt1_0.channel,
        bt1_0.country,
        bt1_0.created_at,
        bt1_0.currency,
        bt1_0.customer_id,
        bt1_0.destination_account_id,
        bt1_0.device_id,
        bt1_0.ip_address,
        bt1_0.merchant_category,
        bt1_0.source_account_id,
        bt1_0.status,
        bt1_0.transaction_id,
        bt1_0.transaction_type 
    from
        banking_transactions bt1_0 
    where
        bt1_0.id=?
Hibernate: 
    select
        bt1_0.id,
        bt1_0.amount,
        bt1_0.channel,
        bt1_0.country,
        bt1_0.created_at,
        bt1_0.currency,
        bt1_0.customer_id,
        bt1_0.destination_account_id,
        bt1_0.device_id,
        bt1_0.ip_address,
        bt1_0.merchant_category,
        bt1_0.source_account_id,
        bt1_0.status,
        bt1_0.transaction_id,
        bt1_0.transaction_type 
    from
        banking_transactions bt1_0 
    where
        bt1_0.id=?
2026-07-10T01:09:21.782+03:00 DEBUG 42096 --- [banking-transaction-risk-fraud-monitoring] [nio-8081-exec-5] org.hibernate.SQL                        : 
    select
        bt1_0.id,
        bt1_0.amount,
        bt1_0.channel,
        bt1_0.country,
        bt1_0.created_at,
        bt1_0.currency,
        bt1_0.customer_id,
        bt1_0.destination_account_id,
        bt1_0.device_id,
        bt1_0.ip_address,
        bt1_0.merchant_category,
        bt1_0.source_account_id,
        bt1_0.status,
        bt1_0.transaction_id,
        bt1_0.transaction_type 
    from
        banking_transactions bt1_0 
    where
        bt1_0.id=?
Hibernate: 
    select
        bt1_0.id,
        bt1_0.amount,
        bt1_0.channel,
        bt1_0.country,
        bt1_0.created_at,
        bt1_0.currency,
        bt1_0.customer_id,
        bt1_0.destination_account_id,
        bt1_0.device_id,
        bt1_0.ip_address,
        bt1_0.merchant_category,
        bt1_0.source_account_id,
        bt1_0.status,
        bt1_0.transaction_id,
        bt1_0.transaction_type 
    from
        banking_transactions bt1_0 
    where
        bt1_0.id=?
2026-07-10T01:09:21.786+03:00 DEBUG 42096 --- [banking-transaction-risk-fraud-monitoring] [nio-8081-exec-5] org.hibernate.SQL                        : 
    select
        bt1_0.id,
        bt1_0.amount,
        bt1_0.channel,
        bt1_0.country,
        bt1_0.created_at,
        bt1_0.currency,
        bt1_0.customer_id,
        bt1_0.destination_account_id,
        bt1_0.device_id,
        bt1_0.ip_address,
        bt1_0.merchant_category,
        bt1_0.source_account_id,
        bt1_0.status,
        bt1_0.transaction_id,
        bt1_0.transaction_type 
    from
        banking_transactions bt1_0 
    where
        bt1_0.id=?
Hibernate: 
    select
        bt1_0.id,
        bt1_0.amount,
        bt1_0.channel,
        bt1_0.country,
        bt1_0.created_at,
        bt1_0.currency,
        bt1_0.customer_id,
        bt1_0.destination_account_id,
        bt1_0.device_id,
        bt1_0.ip_address,
        bt1_0.merchant_category,
        bt1_0.source_account_id,
        bt1_0.status,
        bt1_0.transaction_id,
        bt1_0.transaction_type 
    from
        banking_transactions bt1_0 
    where
        bt1_0.id=?
2026-07-10T01:09:21.792+03:00 DEBUG 42096 --- [banking-transaction-risk-fraud-monitoring] [nio-8081-exec-5] org.hibernate.SQL                        : 
    select
        bt1_0.id,
        bt1_0.amount,
        bt1_0.channel,
        bt1_0.country,
        bt1_0.created_at,
        bt1_0.currency,
        bt1_0.customer_id,
        bt1_0.destination_account_id,
        bt1_0.device_id,
        bt1_0.ip_address,
        bt1_0.merchant_category,
        bt1_0.source_account_id,
        bt1_0.status,
        bt1_0.transaction_id,
        bt1_0.transaction_type 
    from
        banking_transactions bt1_0 
    where
        bt1_0.id=?
Hibernate: 
    select
        bt1_0.id,
        bt1_0.amount,
        bt1_0.channel,
        bt1_0.country,
        bt1_0.created_at,
        bt1_0.currency,
        bt1_0.customer_id,
        bt1_0.destination_account_id,
        bt1_0.device_id,
        bt1_0.ip_address,
        bt1_0.merchant_category,
        bt1_0.source_account_id,
        bt1_0.status,
        bt1_0.transaction_id,
        bt1_0.transaction_type 
    from
        banking_transactions bt1_0 
    where
        bt1_0.id=?
2026-07-10T01:09:21.965+03:00 DEBUG 42096 --- [banking-transaction-risk-fraud-monitoring] [nio-8081-exec-7] org.hibernate.SQL                        : 
    select
        fa1_0.id,
        fa1_0.alert_id,
        fa1_0.alert_type,
        fa1_0.assigned_to,
        fa1_0.created_at,
        fa1_0.customer_id,
        fa1_0.message,
        fa1_0.priority,
        fa1_0.resolved_at,
        fa1_0.risk_score_id,
        fa1_0.status,
        fa1_0.transaction_id,
        fa1_0.updated_at 
    from
        fraud_alerts fa1_0
Hibernate: 
    select
        fa1_0.id,
        fa1_0.alert_id,
        fa1_0.alert_type,
        fa1_0.assigned_to,
        fa1_0.created_at,
        fa1_0.customer_id,
        fa1_0.message,
        fa1_0.priority,
        fa1_0.resolved_at,
        fa1_0.risk_score_id,
        fa1_0.status,
        fa1_0.transaction_id,
        fa1_0.updated_at 
    from
        fraud_alerts fa1_0
2026-07-10T01:09:21.975+03:00 DEBUG 42096 --- [banking-transaction-risk-fraud-monitoring] [nio-8081-exec-7] org.hibernate.SQL                        : 
    select
        bt1_0.id,
        bt1_0.amount,
        bt1_0.channel,
        bt1_0.country,
        bt1_0.created_at,
        bt1_0.currency,
        bt1_0.customer_id,
        bt1_0.destination_account_id,
        bt1_0.device_id,
        bt1_0.ip_address,
        bt1_0.merchant_category,
        bt1_0.source_account_id,
        bt1_0.status,
        bt1_0.transaction_id,
        bt1_0.transaction_type 
    from
        banking_transactions bt1_0 
    where
        bt1_0.id=?
Hibernate: 
    select
        bt1_0.id,
        bt1_0.amount,
        bt1_0.channel,
        bt1_0.country,
        bt1_0.created_at,
        bt1_0.currency,
        bt1_0.customer_id,
        bt1_0.destination_account_id,
        bt1_0.device_id,
        bt1_0.ip_address,
        bt1_0.merchant_category,
        bt1_0.source_account_id,
        bt1_0.status,
        bt1_0.transaction_id,
        bt1_0.transaction_type 
    from
        banking_transactions bt1_0 
    where
        bt1_0.id=?
2026-07-10T01:09:21.980+03:00 DEBUG 42096 --- [banking-transaction-risk-fraud-monitoring] [nio-8081-exec-7] org.hibernate.SQL                        : 
    select
        c1_0.id,
        c1_0.country,
        c1_0.created_at,
        c1_0.customer_id,
        c1_0.email,
        c1_0.full_name,
        c1_0.phone,
        c1_0.risk_level,
        c1_0.status,
        c1_0.updated_at 
    from
        customers c1_0 
    where
        c1_0.id=?
Hibernate: 
    select
        c1_0.id,
        c1_0.country,
        c1_0.created_at,
        c1_0.customer_id,
        c1_0.email,
        c1_0.full_name,
        c1_0.phone,
        c1_0.risk_level,
        c1_0.status,
        c1_0.updated_at 
    from
        customers c1_0 
    where
        c1_0.id=?
2026-07-10T01:09:21.986+03:00 DEBUG 42096 --- [banking-transaction-risk-fraud-monitoring] [nio-8081-exec-7] org.hibernate.SQL                        : 
    select
        rs1_0.id,
        rs1_0.created_at,
        rs1_0.explanation,
        rs1_0.final_score,
        rs1_0.ml_explanation,
        rs1_0.ml_score,
        rs1_0.risk_level,
        rs1_0.rule_score,
        rs1_0.scoring_source,
        rs1_0.transaction_id,
        rs1_0.triggered_rules 
    from
        risk_scores rs1_0 
    where
        rs1_0.id=?
Hibernate: 
    select
        rs1_0.id,
        rs1_0.created_at,
        rs1_0.explanation,
        rs1_0.final_score,
        rs1_0.ml_explanation,
        rs1_0.ml_score,
        rs1_0.risk_level,
        rs1_0.rule_score,
        rs1_0.scoring_source,
        rs1_0.transaction_id,
        rs1_0.triggered_rules 
    from
        risk_scores rs1_0 
    where
        rs1_0.id=?
2026-07-10T01:09:22.019+03:00 DEBUG 42096 --- [banking-transaction-risk-fraud-monitoring] [nio-8081-exec-7] org.hibernate.SQL                        : 
    select
        bt1_0.id,
        bt1_0.amount,
        bt1_0.channel,
        bt1_0.country,
        bt1_0.created_at,
        bt1_0.currency,
        bt1_0.customer_id,
        bt1_0.destination_account_id,
        bt1_0.device_id,
        bt1_0.ip_address,
        bt1_0.merchant_category,
        bt1_0.source_account_id,
        bt1_0.status,
        bt1_0.transaction_id,
        bt1_0.transaction_type 
    from
        banking_transactions bt1_0 
    where
        bt1_0.id=?
Hibernate: 
    select
        bt1_0.id,
        bt1_0.amount,
        bt1_0.channel,
        bt1_0.country,
        bt1_0.created_at,
        bt1_0.currency,
        bt1_0.customer_id,
        bt1_0.destination_account_id,
        bt1_0.device_id,
        bt1_0.ip_address,
        bt1_0.merchant_category,
        bt1_0.source_account_id,
        bt1_0.status,
        bt1_0.transaction_id,
        bt1_0.transaction_type 
    from
        banking_transactions bt1_0 
    where
        bt1_0.id=?
2026-07-10T01:09:22.024+03:00 DEBUG 42096 --- [banking-transaction-risk-fraud-monitoring] [nio-8081-exec-7] org.hibernate.SQL                        : 
    select
        rs1_0.id,
        rs1_0.created_at,
        rs1_0.explanation,
        rs1_0.final_score,
        rs1_0.ml_explanation,
        rs1_0.ml_score,
        rs1_0.risk_level,
        rs1_0.rule_score,
        rs1_0.scoring_source,
        rs1_0.transaction_id,
        rs1_0.triggered_rules 
    from
        risk_scores rs1_0 
    where
        rs1_0.id=?
Hibernate: 
    select
        rs1_0.id,
        rs1_0.created_at,
        rs1_0.explanation,
        rs1_0.final_score,
        rs1_0.ml_explanation,
        rs1_0.ml_score,
        rs1_0.risk_level,
        rs1_0.rule_score,
        rs1_0.scoring_source,
        rs1_0.transaction_id,
        rs1_0.triggered_rules 
    from
        risk_scores rs1_0 
    where
        rs1_0.id=?
2026-07-10T01:09:22.064+03:00 DEBUG 42096 --- [banking-transaction-risk-fraud-monitoring] [nio-8081-exec-7] org.hibernate.SQL                        : 
    select
        bt1_0.id,
        bt1_0.amount,
        bt1_0.channel,
        bt1_0.country,
        bt1_0.created_at,
        bt1_0.currency,
        bt1_0.customer_id,
        bt1_0.destination_account_id,
        bt1_0.device_id,
        bt1_0.ip_address,
        bt1_0.merchant_category,
        bt1_0.source_account_id,
        bt1_0.status,
        bt1_0.transaction_id,
        bt1_0.transaction_type 
    from
        banking_transactions bt1_0 
    where
        bt1_0.id=?
Hibernate: 
    select
        bt1_0.id,
        bt1_0.amount,
        bt1_0.channel,
        bt1_0.country,
        bt1_0.created_at,
        bt1_0.currency,
        bt1_0.customer_id,
        bt1_0.destination_account_id,
        bt1_0.device_id,
        bt1_0.ip_address,
        bt1_0.merchant_category,
        bt1_0.source_account_id,
        bt1_0.status,
        bt1_0.transaction_id,
        bt1_0.transaction_type 
    from
        banking_transactions bt1_0 
    where
        bt1_0.id=?
2026-07-10T01:09:22.067+03:00 DEBUG 42096 --- [banking-transaction-risk-fraud-monitoring] [nio-8081-exec-7] org.hibernate.SQL                        : 
    select
        c1_0.id,
        c1_0.country,
        c1_0.created_at,
        c1_0.customer_id,
        c1_0.email,
        c1_0.full_name,
        c1_0.phone,
        c1_0.risk_level,
        c1_0.status,
        c1_0.updated_at 
    from
        customers c1_0 
    where
        c1_0.id=?
Hibernate: 
    select
        c1_0.id,
        c1_0.country,
        c1_0.created_at,
        c1_0.customer_id,
        c1_0.email,
        c1_0.full_name,
        c1_0.phone,
        c1_0.risk_level,
        c1_0.status,
        c1_0.updated_at 
    from
        customers c1_0 
    where
        c1_0.id=?
2026-07-10T01:09:22.071+03:00 DEBUG 42096 --- [banking-transaction-risk-fraud-monitoring] [nio-8081-exec-7] org.hibernate.SQL                        : 
    select
        rs1_0.id,
        rs1_0.created_at,
        rs1_0.explanation,
        rs1_0.final_score,
        rs1_0.ml_explanation,
        rs1_0.ml_score,
        rs1_0.risk_level,
        rs1_0.rule_score,
        rs1_0.scoring_source,
        rs1_0.transaction_id,
        rs1_0.triggered_rules 
    from
        risk_scores rs1_0 
    where
        rs1_0.id=?
Hibernate: 
    select
        rs1_0.id,
        rs1_0.created_at,
        rs1_0.explanation,
        rs1_0.final_score,
        rs1_0.ml_explanation,
        rs1_0.ml_score,
        rs1_0.risk_level,
        rs1_0.rule_score,
        rs1_0.scoring_source,
        rs1_0.transaction_id,
        rs1_0.triggered_rules 
    from
        risk_scores rs1_0 
    where
        rs1_0.id=?
2026-07-10T01:09:22.108+03:00 DEBUG 42096 --- [banking-transaction-risk-fraud-monitoring] [nio-8081-exec-7] org.hibernate.SQL                        : 
    select
        bt1_0.id,
        bt1_0.amount,
        bt1_0.channel,
        bt1_0.country,
        bt1_0.created_at,
        bt1_0.currency,
        bt1_0.customer_id,
        bt1_0.destination_account_id,
        bt1_0.device_id,
        bt1_0.ip_address,
        bt1_0.merchant_category,
        bt1_0.source_account_id,
        bt1_0.status,
        bt1_0.transaction_id,
        bt1_0.transaction_type 
    from
        banking_transactions bt1_0 
    where
        bt1_0.id=?
Hibernate: 
    select
        bt1_0.id,
        bt1_0.amount,
        bt1_0.channel,
        bt1_0.country,
        bt1_0.created_at,
        bt1_0.currency,
        bt1_0.customer_id,
        bt1_0.destination_account_id,
        bt1_0.device_id,
        bt1_0.ip_address,
        bt1_0.merchant_category,
        bt1_0.source_account_id,
        bt1_0.status,
        bt1_0.transaction_id,
        bt1_0.transaction_type 
    from
        banking_transactions bt1_0 
    where
        bt1_0.id=?
2026-07-10T01:09:22.112+03:00 DEBUG 42096 --- [banking-transaction-risk-fraud-monitoring] [nio-8081-exec-7] org.hibernate.SQL                        : 
    select
        c1_0.id,
        c1_0.country,
        c1_0.created_at,
        c1_0.customer_id,
        c1_0.email,
        c1_0.full_name,
        c1_0.phone,
        c1_0.risk_level,
        c1_0.status,
        c1_0.updated_at 
    from
        customers c1_0 
    where
        c1_0.id=?
Hibernate: 
    select
        c1_0.id,
        c1_0.country,
        c1_0.created_at,
        c1_0.customer_id,
        c1_0.email,
        c1_0.full_name,
        c1_0.phone,
        c1_0.risk_level,
        c1_0.status,
        c1_0.updated_at 
    from
        customers c1_0 
    where
        c1_0.id=?
2026-07-10T01:09:22.118+03:00 DEBUG 42096 --- [banking-transaction-risk-fraud-monitoring] [nio-8081-exec-7] org.hibernate.SQL                        : 
    select
        rs1_0.id,
        rs1_0.created_at,
        rs1_0.explanation,
        rs1_0.final_score,
        rs1_0.ml_explanation,
        rs1_0.ml_score,
        rs1_0.risk_level,
        rs1_0.rule_score,
        rs1_0.scoring_source,
        rs1_0.transaction_id,
        rs1_0.triggered_rules 
    from
        risk_scores rs1_0 
    where
        rs1_0.id=?
Hibernate: 
    select
        rs1_0.id,
        rs1_0.created_at,
        rs1_0.explanation,
        rs1_0.final_score,
        rs1_0.ml_explanation,
        rs1_0.ml_score,
        rs1_0.risk_level,
        rs1_0.rule_score,
        rs1_0.scoring_source,
        rs1_0.transaction_id,
        rs1_0.triggered_rules 
    from
        risk_scores rs1_0 
    where
        rs1_0.id=?
2026-07-10T01:09:22.166+03:00 DEBUG 42096 --- [banking-transaction-risk-fraud-monitoring] [nio-8081-exec-7] org.hibernate.SQL                        : 
    select
        bt1_0.id,
        bt1_0.amount,
        bt1_0.channel,
        bt1_0.country,
        bt1_0.created_at,
        bt1_0.currency,
        bt1_0.customer_id,
        bt1_0.destination_account_id,
        bt1_0.device_id,
        bt1_0.ip_address,
        bt1_0.merchant_category,
        bt1_0.source_account_id,
        bt1_0.status,
        bt1_0.transaction_id,
        bt1_0.transaction_type 
    from
        banking_transactions bt1_0 
    where
        bt1_0.id=?
Hibernate: 
    select
        bt1_0.id,
        bt1_0.amount,
        bt1_0.channel,
        bt1_0.country,
        bt1_0.created_at,
        bt1_0.currency,
        bt1_0.customer_id,
        bt1_0.destination_account_id,
        bt1_0.device_id,
        bt1_0.ip_address,
        bt1_0.merchant_category,
        bt1_0.source_account_id,
        bt1_0.status,
        bt1_0.transaction_id,
        bt1_0.transaction_type 
    from
        banking_transactions bt1_0 
    where
        bt1_0.id=?
2026-07-10T01:09:22.168+03:00 DEBUG 42096 --- [banking-transaction-risk-fraud-monitoring] [nio-8081-exec-7] org.hibernate.SQL                        : 
    select
        rs1_0.id,
        rs1_0.created_at,
        rs1_0.explanation,
        rs1_0.final_score,
        rs1_0.ml_explanation,
        rs1_0.ml_score,
        rs1_0.risk_level,
        rs1_0.rule_score,
        rs1_0.scoring_source,
        rs1_0.transaction_id,
        rs1_0.triggered_rules 
    from
        risk_scores rs1_0 
    where
        rs1_0.id=?
Hibernate: 
    select
        rs1_0.id,
        rs1_0.created_at,
        rs1_0.explanation,
        rs1_0.final_score,
        rs1_0.ml_explanation,
        rs1_0.ml_score,
        rs1_0.risk_level,
        rs1_0.rule_score,
        rs1_0.scoring_source,
        rs1_0.transaction_id,
        rs1_0.triggered_rules 
    from
        risk_scores rs1_0 
    where
        rs1_0.id=?
2026-07-10T01:09:22.219+03:00 DEBUG 42096 --- [banking-transaction-risk-fraud-monitoring] [nio-8081-exec-7] org.hibernate.SQL                        : 
    select
        bt1_0.id,
        bt1_0.amount,
        bt1_0.channel,
        bt1_0.country,
        bt1_0.created_at,
        bt1_0.currency,
        bt1_0.customer_id,
        bt1_0.destination_account_id,
        bt1_0.device_id,
        bt1_0.ip_address,
        bt1_0.merchant_category,
        bt1_0.source_account_id,
        bt1_0.status,
        bt1_0.transaction_id,
        bt1_0.transaction_type 
    from
        banking_transactions bt1_0 
    where
        bt1_0.id=?
Hibernate: 
    select
        bt1_0.id,
        bt1_0.amount,
        bt1_0.channel,
        bt1_0.country,
        bt1_0.created_at,
        bt1_0.currency,
        bt1_0.customer_id,
        bt1_0.destination_account_id,
        bt1_0.device_id,
        bt1_0.ip_address,
        bt1_0.merchant_category,
        bt1_0.source_account_id,
        bt1_0.status,
        bt1_0.transaction_id,
        bt1_0.transaction_type 
    from
        banking_transactions bt1_0 
    where
        bt1_0.id=?
2026-07-10T01:09:22.224+03:00 DEBUG 42096 --- [banking-transaction-risk-fraud-monitoring] [nio-8081-exec-7] org.hibernate.SQL                        : 
    select
        rs1_0.id,
        rs1_0.created_at,
        rs1_0.explanation,
        rs1_0.final_score,
        rs1_0.ml_explanation,
        rs1_0.ml_score,
        rs1_0.risk_level,
        rs1_0.rule_score,
        rs1_0.scoring_source,
        rs1_0.transaction_id,
        rs1_0.triggered_rules 
    from
        risk_scores rs1_0 
    where
        rs1_0.id=?
Hibernate: 
    select
        rs1_0.id,
        rs1_0.created_at,
        rs1_0.explanation,
        rs1_0.final_score,
        rs1_0.ml_explanation,
        rs1_0.ml_score,
        rs1_0.risk_level,
        rs1_0.rule_score,
        rs1_0.scoring_source,
        rs1_0.transaction_id,
        rs1_0.triggered_rules 
    from
        risk_scores rs1_0 
    where
        rs1_0.id=?
2026-07-10T01:09:22.416+03:00 DEBUG 42096 --- [banking-transaction-risk-fraud-monitoring] [nio-8081-exec-8] org.hibernate.SQL                        : 
    select
        bt1_0.id,
        bt1_0.amount,
        bt1_0.channel,
        bt1_0.country,
        bt1_0.created_at,
        bt1_0.currency,
        bt1_0.customer_id,
        bt1_0.destination_account_id,
        bt1_0.device_id,
        bt1_0.ip_address,
        bt1_0.merchant_category,
        bt1_0.source_account_id,
        bt1_0.status,
        bt1_0.transaction_id,
        bt1_0.transaction_type 
    from
        banking_transactions bt1_0
Hibernate: 
    select
        bt1_0.id,
        bt1_0.amount,
        bt1_0.channel,
        bt1_0.country,
        bt1_0.created_at,
        bt1_0.currency,
        bt1_0.customer_id,
        bt1_0.destination_account_id,
        bt1_0.device_id,
        bt1_0.ip_address,
        bt1_0.merchant_category,
        bt1_0.source_account_id,
        bt1_0.status,
        bt1_0.transaction_id,
        bt1_0.transaction_type 
    from
        banking_transactions bt1_0
2026-07-10T01:09:22.422+03:00 DEBUG 42096 --- [banking-transaction-risk-fraud-monitoring] [nio-8081-exec-8] org.hibernate.SQL                        : 
    select
        a1_0.id,
        a1_0.account_id,
        a1_0.account_type,
        a1_0.balance,
        a1_0.created_at,
        a1_0.currency,
        a1_0.customer_id,
        a1_0.status,
        a1_0.updated_at 
    from
        accounts a1_0 
    where
        a1_0.id=?
Hibernate: 
    select
        a1_0.id,
        a1_0.account_id,
        a1_0.account_type,
        a1_0.balance,
        a1_0.created_at,
        a1_0.currency,
        a1_0.customer_id,
        a1_0.status,
        a1_0.updated_at 
    from
        accounts a1_0 
    where
        a1_0.id=?
2026-07-10T01:09:22.427+03:00 DEBUG 42096 --- [banking-transaction-risk-fraud-monitoring] [nio-8081-exec-8] org.hibernate.SQL                        : 
    select
        c1_0.id,
        c1_0.country,
        c1_0.created_at,
        c1_0.customer_id,
        c1_0.email,
        c1_0.full_name,
        c1_0.phone,
        c1_0.risk_level,
        c1_0.status,
        c1_0.updated_at 
    from
        customers c1_0 
    where
        c1_0.id=?
Hibernate: 
    select
        c1_0.id,
        c1_0.country,
        c1_0.created_at,
        c1_0.customer_id,
        c1_0.email,
        c1_0.full_name,
        c1_0.phone,
        c1_0.risk_level,
        c1_0.status,
        c1_0.updated_at 
    from
        customers c1_0 
    where
        c1_0.id=?
2026-07-10T01:09:22.432+03:00 DEBUG 42096 --- [banking-transaction-risk-fraud-monitoring] [nio-8081-exec-8] org.hibernate.SQL                        : 
    select
        a1_0.id,
        a1_0.account_id,
        a1_0.account_type,
        a1_0.balance,
        a1_0.created_at,
        a1_0.currency,
        a1_0.customer_id,
        a1_0.status,
        a1_0.updated_at 
    from
        accounts a1_0 
    where
        a1_0.id=?
Hibernate: 
    select
        a1_0.id,
        a1_0.account_id,
        a1_0.account_type,
        a1_0.balance,
        a1_0.created_at,
        a1_0.currency,
        a1_0.customer_id,
        a1_0.status,
        a1_0.updated_at 
    from
        accounts a1_0 
    where
        a1_0.id=?
2026-07-10T01:09:22.437+03:00 DEBUG 42096 --- [banking-transaction-risk-fraud-monitoring] [nio-8081-exec-8] org.hibernate.SQL                        : 
    select
        a1_0.id,
        a1_0.account_id,
        a1_0.account_type,
        a1_0.balance,
        a1_0.created_at,
        a1_0.currency,
        a1_0.customer_id,
        a1_0.status,
        a1_0.updated_at 
    from
        accounts a1_0 
    where
        a1_0.id=?
Hibernate: 
    select
        a1_0.id,
        a1_0.account_id,
        a1_0.account_type,
        a1_0.balance,
        a1_0.created_at,
        a1_0.currency,
        a1_0.customer_id,
        a1_0.status,
        a1_0.updated_at 
    from
        accounts a1_0 
    where
        a1_0.id=?
2026-07-10T01:09:22.442+03:00 DEBUG 42096 --- [banking-transaction-risk-fraud-monitoring] [nio-8081-exec-8] org.hibernate.SQL                        : 
    select
        c1_0.id,
        c1_0.country,
        c1_0.created_at,
        c1_0.customer_id,
        c1_0.email,
        c1_0.full_name,
        c1_0.phone,
        c1_0.risk_level,
        c1_0.status,
        c1_0.updated_at 
    from
        customers c1_0 
    where
        c1_0.id=?
Hibernate: 
    select
        c1_0.id,
        c1_0.country,
        c1_0.created_at,
        c1_0.customer_id,
        c1_0.email,
        c1_0.full_name,
        c1_0.phone,
        c1_0.risk_level,
        c1_0.status,
        c1_0.updated_at 
    from
        customers c1_0 
    where
        c1_0.id=?
2026-07-10T01:09:22.446+03:00 DEBUG 42096 --- [banking-transaction-risk-fraud-monitoring] [nio-8081-exec-8] org.hibernate.SQL                        : 
    select
        a1_0.id,
        a1_0.account_id,
        a1_0.account_type,
        a1_0.balance,
        a1_0.created_at,
        a1_0.currency,
        a1_0.customer_id,
        a1_0.status,
        a1_0.updated_at 
    from
        accounts a1_0 
    where
        a1_0.id=?
Hibernate: 
    select
        a1_0.id,
        a1_0.account_id,
        a1_0.account_type,
        a1_0.balance,
        a1_0.created_at,
        a1_0.currency,
        a1_0.customer_id,
        a1_0.status,
        a1_0.updated_at 
    from
        accounts a1_0 
    where
        a1_0.id=?
2026-07-10T01:09:22.449+03:00 DEBUG 42096 --- [banking-transaction-risk-fraud-monitoring] [nio-8081-exec-8] org.hibernate.SQL                        : 
    select
        c1_0.id,
        c1_0.country,
        c1_0.created_at,
        c1_0.customer_id,
        c1_0.email,
        c1_0.full_name,
        c1_0.phone,
        c1_0.risk_level,
        c1_0.status,
        c1_0.updated_at 
    from
        customers c1_0 
    where
        c1_0.id=?
Hibernate: 
    select
        c1_0.id,
        c1_0.country,
        c1_0.created_at,
        c1_0.customer_id,
        c1_0.email,
        c1_0.full_name,
        c1_0.phone,
        c1_0.risk_level,
        c1_0.status,
        c1_0.updated_at 
    from
        customers c1_0 
    where
        c1_0.id=?
2026-07-10T01:09:22.750+03:00 DEBUG 42096 --- [banking-transaction-risk-fraud-monitoring] [io-8081-exec-10] org.hibernate.SQL                        : 
    select
        c1_0.id,
        c1_0.country,
        c1_0.created_at,
        c1_0.customer_id,
        c1_0.email,
        c1_0.full_name,
        c1_0.phone,
        c1_0.risk_level,
        c1_0.status,
        c1_0.updated_at 
    from
        customers c1_0
Hibernate: 
    select
        c1_0.id,
        c1_0.country,
        c1_0.created_at,
        c1_0.customer_id,
        c1_0.email,
        c1_0.full_name,
        c1_0.phone,
        c1_0.risk_level,
        c1_0.status,
        c1_0.updated_at 
    from
        customers c1_0
2026-07-10T01:09:22.885+03:00 DEBUG 42096 --- [banking-transaction-risk-fraud-monitoring] [nio-8081-exec-1] org.hibernate.SQL                        : 
    select
        a1_0.id,
        a1_0.account_id,
        a1_0.account_type,
        a1_0.balance,
        a1_0.created_at,
        a1_0.currency,
        a1_0.customer_id,
        a1_0.status,
        a1_0.updated_at 
    from
        accounts a1_0
Hibernate: 
    select
        a1_0.id,
        a1_0.account_id,
        a1_0.account_type,
        a1_0.balance,
        a1_0.created_at,
        a1_0.currency,
        a1_0.customer_id,
        a1_0.status,
        a1_0.updated_at 
    from
        accounts a1_0
2026-07-10T01:09:22.891+03:00 DEBUG 42096 --- [banking-transaction-risk-fraud-monitoring] [nio-8081-exec-1] org.hibernate.SQL                        : 
    select
        c1_0.id,
        c1_0.country,
        c1_0.created_at,
        c1_0.customer_id,
        c1_0.email,
        c1_0.full_name,
        c1_0.phone,
        c1_0.risk_level,
        c1_0.status,
        c1_0.updated_at 
    from
        customers c1_0 
    where
        c1_0.id=?
Hibernate: 
    select
        c1_0.id,
        c1_0.country,
        c1_0.created_at,
        c1_0.customer_id,
        c1_0.email,
        c1_0.full_name,
        c1_0.phone,
        c1_0.risk_level,
        c1_0.status,
        c1_0.updated_at 
    from
        customers c1_0 
    where
        c1_0.id=?
2026-07-10T01:09:22.894+03:00 DEBUG 42096 --- [banking-transaction-risk-fraud-monitoring] [nio-8081-exec-1] org.hibernate.SQL                        : 
    select
        c1_0.id,
        c1_0.country,
        c1_0.created_at,
        c1_0.customer_id,
        c1_0.email,
        c1_0.full_name,
        c1_0.phone,
        c1_0.risk_level,
        c1_0.status,
        c1_0.updated_at 
    from
        customers c1_0 
    where
        c1_0.id=?
Hibernate: 
    select
        c1_0.id,
        c1_0.country,
        c1_0.created_at,
        c1_0.customer_id,
        c1_0.email,
        c1_0.full_name,
        c1_0.phone,
        c1_0.risk_level,
        c1_0.status,
        c1_0.updated_at 
    from
        customers c1_0 
    where
        c1_0.id=?
2026-07-10T01:09:22.899+03:00 DEBUG 42096 --- [banking-transaction-risk-fraud-monitoring] [nio-8081-exec-1] org.hibernate.SQL                        : 
    select
        c1_0.id,
        c1_0.country,
        c1_0.created_at,
        c1_0.customer_id,
        c1_0.email,
        c1_0.full_name,
        c1_0.phone,
        c1_0.risk_level,
        c1_0.status,
        c1_0.updated_at 
    from
        customers c1_0 
    where
        c1_0.id=?
Hibernate: 
    select
        c1_0.id,
        c1_0.country,
        c1_0.created_at,
        c1_0.customer_id,
        c1_0.email,
        c1_0.full_name,
        c1_0.phone,
        c1_0.risk_level,
        c1_0.status,
        c1_0.updated_at 
    from
        customers c1_0 
    where
        c1_0.id=?
2026-07-10T01:09:22.902+03:00 DEBUG 42096 --- [banking-transaction-risk-fraud-monitoring] [nio-8081-exec-1] org.hibernate.SQL                        : 
    select
        c1_0.id,
        c1_0.country,
        c1_0.created_at,
        c1_0.customer_id,
        c1_0.email,
        c1_0.full_name,
        c1_0.phone,
        c1_0.risk_level,
        c1_0.status,
        c1_0.updated_at 
    from
        customers c1_0 
    where
        c1_0.id=?
Hibernate: 
    select
        c1_0.id,
        c1_0.country,
        c1_0.created_at,
        c1_0.customer_id,
        c1_0.email,
        c1_0.full_name,
        c1_0.phone,
        c1_0.risk_level,
        c1_0.status,
        c1_0.updated_at 
    from
        customers c1_0 
    where
        c1_0.id=?
2026-07-10T01:09:22.907+03:00 DEBUG 42096 --- [banking-transaction-risk-fraud-monitoring] [nio-8081-exec-1] org.hibernate.SQL                        : 
    select
        c1_0.id,
        c1_0.country,
        c1_0.created_at,
        c1_0.customer_id,
        c1_0.email,
        c1_0.full_name,
        c1_0.phone,
        c1_0.risk_level,
        c1_0.status,
        c1_0.updated_at 
    from
        customers c1_0 
    where
        c1_0.id=?
Hibernate: 
    select
        c1_0.id,
        c1_0.country,
        c1_0.created_at,
        c1_0.customer_id,
        c1_0.email,
        c1_0.full_name,
        c1_0.phone,
        c1_0.risk_level,
        c1_0.status,
        c1_0.updated_at 
    from
        customers c1_0 
    where
        c1_0.id=?
2026-07-10T01:09:23.076+03:00 DEBUG 42096 --- [banking-transaction-risk-fraud-monitoring] [nio-8081-exec-4] org.hibernate.SQL                        : 
    select
        a1_0.id,
        a1_0.account_id,
        a1_0.account_type,
        a1_0.balance,
        a1_0.created_at,
        a1_0.currency,
        a1_0.customer_id,
        a1_0.status,
        a1_0.updated_at 
    from
        accounts a1_0 
    where
        a1_0.account_id=?
Hibernate: 
    select
        a1_0.id,
        a1_0.account_id,
        a1_0.account_type,
        a1_0.balance,
        a1_0.created_at,
        a1_0.currency,
        a1_0.customer_id,
        a1_0.status,
        a1_0.updated_at 
    from
        accounts a1_0 
    where
        a1_0.account_id=?
2026-07-10T01:09:23.097+03:00 DEBUG 42096 --- [banking-transaction-risk-fraud-monitoring] [nio-8081-exec-4] org.hibernate.SQL                        : 
    select
        is1_0.prefix,
        is1_0.last_value 
    from
        id_sequence is1_0 
    where
        is1_0.prefix=? 
    for
        no key update of is1_0
Hibernate: 
    select
        is1_0.prefix,
        is1_0.last_value 
    from
        id_sequence is1_0 
    where
        is1_0.prefix=? 
    for
        no key update of is1_0
2026-07-10T01:09:23.110+03:00 DEBUG 42096 --- [banking-transaction-risk-fraud-monitoring] [nio-8081-exec-4] org.hibernate.SQL                        : 
    update
        id_sequence 
    set
        last_value=? 
    where
        prefix=?
Hibernate: 
    update
        id_sequence 
    set
        last_value=? 
    where
        prefix=?
2026-07-10T01:09:23.122+03:00 DEBUG 42096 --- [banking-transaction-risk-fraud-monitoring] [nio-8081-exec-4] org.hibernate.SQL                        : 
    insert 
    into
        banking_transactions
        (amount, channel, country, created_at, currency, customer_id, destination_account_id, device_id, ip_address, merchant_category, source_account_id, status, transaction_id, transaction_type) 
    values
        (?, ?, ?, ?, ?, ?, ?, ?, ?, ?, ?, ?, ?, ?)
Hibernate: 
    insert 
    into
        banking_transactions
        (amount, channel, country, created_at, currency, customer_id, destination_account_id, device_id, ip_address, merchant_category, source_account_id, status, transaction_id, transaction_type) 
    values
        (?, ?, ?, ?, ?, ?, ?, ?, ?, ?, ?, ?, ?, ?)
2026-07-10T01:09:23.128+03:00 DEBUG 42096 --- [banking-transaction-risk-fraud-monitoring] [nio-8081-exec-4] org.hibernate.SQL                        : 
    select
        c1_0.id,
        c1_0.country,
        c1_0.created_at,
        c1_0.customer_id,
        c1_0.email,
        c1_0.full_name,
        c1_0.phone,
        c1_0.risk_level,
        c1_0.status,
        c1_0.updated_at 
    from
        customers c1_0 
    where
        c1_0.id=?
Hibernate: 
    select
        c1_0.id,
        c1_0.country,
        c1_0.created_at,
        c1_0.customer_id,
        c1_0.email,
        c1_0.full_name,
        c1_0.phone,
        c1_0.risk_level,
        c1_0.status,
        c1_0.updated_at 
    from
        customers c1_0 
    where
        c1_0.id=?
2026-07-10T01:09:23.130+03:00 DEBUG 42096 --- [banking-transaction-risk-fraud-monitoring] [nio-8081-exec-4] org.hibernate.SQL                        : 
    insert 
    into
        audit_logs
        (created_at, description, entity_id, entity_type, event_type, new_value, old_value, role, username) 
    values
        (?, ?, ?, ?, ?, ?, ?, ?, ?)
Hibernate: 
    insert 
    into
        audit_logs
        (created_at, description, entity_id, entity_type, event_type, new_value, old_value, role, username) 
    values
        (?, ?, ?, ?, ?, ?, ?, ?, ?)
2026-07-10T01:09:23.172+03:00 DEBUG 42096 --- [banking-transaction-risk-fraud-monitoring] [nio-8081-exec-4] org.hibernate.SQL                        : 
    select
        count(bt1_0.id) 
    from
        banking_transactions bt1_0 
    where
        bt1_0.customer_id=? 
        and bt1_0.created_at>?
Hibernate: 
    select
        count(bt1_0.id) 
    from
        banking_transactions bt1_0 
    where
        bt1_0.customer_id=? 
        and bt1_0.created_at>?
2026-07-10T01:09:23.183+03:00 DEBUG 42096 --- [banking-transaction-risk-fraud-monitoring] [nio-8081-exec-4] org.hibernate.SQL                        : 
    select
        bt1_0.id 
    from
        banking_transactions bt1_0 
    where
        bt1_0.customer_id=? 
        and bt1_0.country=? 
        and bt1_0.id<>? 
    fetch
        first ? rows only
Hibernate: 
    select
        bt1_0.id 
    from
        banking_transactions bt1_0 
    where
        bt1_0.customer_id=? 
        and bt1_0.country=? 
        and bt1_0.id<>? 
    fetch
        first ? rows only
2026-07-10T01:09:23.190+03:00 DEBUG 42096 --- [banking-transaction-risk-fraud-monitoring] [nio-8081-exec-4] org.hibernate.SQL                        : 
    select
        bt1_0.id 
    from
        banking_transactions bt1_0 
    where
        bt1_0.customer_id=? 
        and bt1_0.device_id=? 
        and bt1_0.id<>? 
    fetch
        first ? rows only
Hibernate: 
    select
        bt1_0.id 
    from
        banking_transactions bt1_0 
    where
        bt1_0.customer_id=? 
        and bt1_0.device_id=? 
        and bt1_0.id<>? 
    fetch
        first ? rows only
2026-07-10T01:09:23.199+03:00 DEBUG 42096 --- [banking-transaction-risk-fraud-monitoring] [nio-8081-exec-4] org.hibernate.SQL                        : 
    select
        count(bt1_0.id) 
    from
        banking_transactions bt1_0 
    where
        bt1_0.customer_id=? 
        and bt1_0.created_at>?
Hibernate: 
    select
        count(bt1_0.id) 
    from
        banking_transactions bt1_0 
    where
        bt1_0.customer_id=? 
        and bt1_0.created_at>?
2026-07-10T01:09:23.205+03:00 DEBUG 42096 --- [banking-transaction-risk-fraud-monitoring] [nio-8081-exec-4] org.hibernate.SQL                        : 
    select
        bt1_0.id,
        bt1_0.amount,
        bt1_0.channel,
        bt1_0.country,
        bt1_0.created_at,
        bt1_0.currency,
        bt1_0.customer_id,
        bt1_0.destination_account_id,
        bt1_0.device_id,
        bt1_0.ip_address,
        bt1_0.merchant_category,
        bt1_0.source_account_id,
        bt1_0.status,
        bt1_0.transaction_id,
        bt1_0.transaction_type 
    from
        banking_transactions bt1_0 
    where
        bt1_0.customer_id=?
Hibernate: 
    select
        bt1_0.id,
        bt1_0.amount,
        bt1_0.channel,
        bt1_0.country,
        bt1_0.created_at,
        bt1_0.currency,
        bt1_0.customer_id,
        bt1_0.destination_account_id,
        bt1_0.device_id,
        bt1_0.ip_address,
        bt1_0.merchant_category,
        bt1_0.source_account_id,
        bt1_0.status,
        bt1_0.transaction_id,
        bt1_0.transaction_type 
    from
        banking_transactions bt1_0 
    where
        bt1_0.customer_id=?
2026-07-10T01:09:23.213+03:00 DEBUG 42096 --- [banking-transaction-risk-fraud-monitoring] [nio-8081-exec-4] org.hibernate.SQL                        : 
    insert 
    into
        audit_logs
        (created_at, description, entity_id, entity_type, event_type, new_value, old_value, role, username) 
    values
        (?, ?, ?, ?, ?, ?, ?, ?, ?)
Hibernate: 
    insert 
    into
        audit_logs
        (created_at, description, entity_id, entity_type, event_type, new_value, old_value, role, username) 
    values
        (?, ?, ?, ?, ?, ?, ?, ?, ?)
2026-07-10T01:09:23.328+03:00 DEBUG 42096 --- [banking-transaction-risk-fraud-monitoring] [nio-8081-exec-4] org.hibernate.SQL                        : 
    insert 
    into
        audit_logs
        (created_at, description, entity_id, entity_type, event_type, new_value, old_value, role, username) 
    values
        (?, ?, ?, ?, ?, ?, ?, ?, ?)
Hibernate: 
    insert 
    into
        audit_logs
        (created_at, description, entity_id, entity_type, event_type, new_value, old_value, role, username) 
    values
        (?, ?, ?, ?, ?, ?, ?, ?, ?)
2026-07-10T01:09:23.345+03:00 DEBUG 42096 --- [banking-transaction-risk-fraud-monitoring] [nio-8081-exec-4] org.hibernate.SQL                        : 
    insert 
    into
        risk_scores
        (created_at, explanation, final_score, ml_explanation, ml_score, risk_level, rule_score, scoring_source, transaction_id, triggered_rules) 
    values
        (?, ?, ?, ?, ?, ?, ?, ?, ?, ?)
Hibernate: 
    insert 
    into
        risk_scores
        (created_at, explanation, final_score, ml_explanation, ml_score, risk_level, rule_score, scoring_source, transaction_id, triggered_rules) 
    values
        (?, ?, ?, ?, ?, ?, ?, ?, ?, ?)
2026-07-10T01:09:23.367+03:00 DEBUG 42096 --- [banking-transaction-risk-fraud-monitoring] [nio-8081-exec-4] org.hibernate.SQL                        : 
    insert 
    into
        audit_logs
        (created_at, description, entity_id, entity_type, event_type, new_value, old_value, role, username) 
    values
        (?, ?, ?, ?, ?, ?, ?, ?, ?)
Hibernate: 
    insert 
    into
        audit_logs
        (created_at, description, entity_id, entity_type, event_type, new_value, old_value, role, username) 
    values
        (?, ?, ?, ?, ?, ?, ?, ?, ?)
2026-07-10T01:09:23.386+03:00 DEBUG 42096 --- [banking-transaction-risk-fraud-monitoring] [nio-8081-exec-4] org.hibernate.SQL                        : 
    select
        is1_0.prefix,
        is1_0.last_value 
    from
        id_sequence is1_0 
    where
        is1_0.prefix=? 
    for
        no key update of is1_0
Hibernate: 
    select
        is1_0.prefix,
        is1_0.last_value 
    from
        id_sequence is1_0 
    where
        is1_0.prefix=? 
    for
        no key update of is1_0
2026-07-10T01:09:23.389+03:00 DEBUG 42096 --- [banking-transaction-risk-fraud-monitoring] [nio-8081-exec-4] org.hibernate.SQL                        : 
    update
        id_sequence 
    set
        last_value=? 
    where
        prefix=?
Hibernate: 
    update
        id_sequence 
    set
        last_value=? 
    where
        prefix=?
2026-07-10T01:09:23.397+03:00 DEBUG 42096 --- [banking-transaction-risk-fraud-monitoring] [nio-8081-exec-4] org.hibernate.SQL                        : 
    insert 
    into
        fraud_alerts
        (alert_id, alert_type, assigned_to, created_at, customer_id, message, priority, resolved_at, risk_score_id, status, transaction_id, updated_at) 
    values
        (?, ?, ?, ?, ?, ?, ?, ?, ?, ?, ?, ?)
Hibernate: 
    insert 
    into
        fraud_alerts
        (alert_id, alert_type, assigned_to, created_at, customer_id, message, priority, resolved_at, risk_score_id, status, transaction_id, updated_at) 
    values
        (?, ?, ?, ?, ?, ?, ?, ?, ?, ?, ?, ?)
2026-07-10T01:09:23.401+03:00 DEBUG 42096 --- [banking-transaction-risk-fraud-monitoring] [nio-8081-exec-4] org.hibernate.SQL                        : 
    insert 
    into
        audit_logs
        (created_at, description, entity_id, entity_type, event_type, new_value, old_value, role, username) 
    values
        (?, ?, ?, ?, ?, ?, ?, ?, ?)
Hibernate: 
    insert 
    into
        audit_logs
        (created_at, description, entity_id, entity_type, event_type, new_value, old_value, role, username) 
    values
        (?, ?, ?, ?, ?, ?, ?, ?, ?)
2026-07-10T01:09:23.415+03:00 DEBUG 42096 --- [banking-transaction-risk-fraud-monitoring] [nio-8081-exec-4] org.hibernate.SQL                        : 
    insert 
    into
        audit_logs
        (created_at, description, entity_id, entity_type, event_type, new_value, old_value, role, username) 
    values
        (?, ?, ?, ?, ?, ?, ?, ?, ?)
Hibernate: 
    insert 
    into
        audit_logs
        (created_at, description, entity_id, entity_type, event_type, new_value, old_value, role, username) 
    values
        (?, ?, ?, ?, ?, ?, ?, ?, ?)
2026-07-10T01:09:23.440+03:00 DEBUG 42096 --- [banking-transaction-risk-fraud-monitoring] [nio-8081-exec-4] org.hibernate.SQL                        : 
    select
        rs1_0.id,
        rs1_0.created_at,
        rs1_0.explanation,
        rs1_0.final_score,
        rs1_0.ml_explanation,
        rs1_0.ml_score,
        rs1_0.risk_level,
        rs1_0.rule_score,
        rs1_0.scoring_source,
        rs1_0.transaction_id,
        rs1_0.triggered_rules 
    from
        risk_scores rs1_0 
    left join
        banking_transactions t1_0 
            on t1_0.id=rs1_0.transaction_id 
    where
        t1_0.transaction_id=?
Hibernate: 
    select
        rs1_0.id,
        rs1_0.created_at,
        rs1_0.explanation,
        rs1_0.final_score,
        rs1_0.ml_explanation,
        rs1_0.ml_score,
        rs1_0.risk_level,
        rs1_0.rule_score,
        rs1_0.scoring_source,
        rs1_0.transaction_id,
        rs1_0.triggered_rules 
    from
        risk_scores rs1_0 
    left join
        banking_transactions t1_0 
            on t1_0.id=rs1_0.transaction_id 
    where
        t1_0.transaction_id=?
2026-07-10T01:09:23.448+03:00 DEBUG 42096 --- [banking-transaction-risk-fraud-monitoring] [nio-8081-exec-4] org.hibernate.SQL                        : 
    insert 
    into
        audit_logs
        (created_at, description, entity_id, entity_type, event_type, new_value, old_value, role, username) 
    values
        (?, ?, ?, ?, ?, ?, ?, ?, ?)
Hibernate: 
    insert 
    into
        audit_logs
        (created_at, description, entity_id, entity_type, event_type, new_value, old_value, role, username) 
    values
        (?, ?, ?, ?, ?, ?, ?, ?, ?)
2026-07-10T01:09:23.465+03:00 DEBUG 42096 --- [banking-transaction-risk-fraud-monitoring] [nio-8081-exec-4] org.hibernate.SQL                        : 
    select
        fa1_0.id,
        fa1_0.alert_id,
        fa1_0.alert_type,
        fa1_0.assigned_to,
        fa1_0.created_at,
        fa1_0.customer_id,
        fa1_0.message,
        fa1_0.priority,
        fa1_0.resolved_at,
        fa1_0.risk_score_id,
        fa1_0.status,
        fa1_0.transaction_id,
        fa1_0.updated_at 
    from
        fraud_alerts fa1_0 
    left join
        banking_transactions t1_0 
            on t1_0.id=fa1_0.transaction_id 
    where
        t1_0.transaction_id=?
Hibernate: 
    select
        fa1_0.id,
        fa1_0.alert_id,
        fa1_0.alert_type,
        fa1_0.assigned_to,
        fa1_0.created_at,
        fa1_0.customer_id,
        fa1_0.message,
        fa1_0.priority,
        fa1_0.resolved_at,
        fa1_0.risk_score_id,
        fa1_0.status,
        fa1_0.transaction_id,
        fa1_0.updated_at 
    from
        fraud_alerts fa1_0 
    left join
        banking_transactions t1_0 
            on t1_0.id=fa1_0.transaction_id 
    where
        t1_0.transaction_id=?
2026-07-10T01:09:23.471+03:00 DEBUG 42096 --- [banking-transaction-risk-fraud-monitoring] [nio-8081-exec-4] org.hibernate.SQL                        : 
    insert 
    into
        audit_logs
        (created_at, description, entity_id, entity_type, event_type, new_value, old_value, role, username) 
    values
        (?, ?, ?, ?, ?, ?, ?, ?, ?)
Hibernate: 
    insert 
    into
        audit_logs
        (created_at, description, entity_id, entity_type, event_type, new_value, old_value, role, username) 
    values
        (?, ?, ?, ?, ?, ?, ?, ?, ?)
2026-07-10T01:09:23.598+03:00 DEBUG 42096 --- [banking-transaction-risk-fraud-monitoring] [nio-8081-exec-6] org.hibernate.SQL                        : 
    select
        fa1_0.id,
        fa1_0.alert_id,
        fa1_0.alert_type,
        fa1_0.assigned_to,
        fa1_0.created_at,
        fa1_0.customer_id,
        fa1_0.message,
        fa1_0.priority,
        fa1_0.resolved_at,
        fa1_0.risk_score_id,
        fa1_0.status,
        fa1_0.transaction_id,
        fa1_0.updated_at 
    from
        fraud_alerts fa1_0
Hibernate: 
    select
        fa1_0.id,
        fa1_0.alert_id,
        fa1_0.alert_type,
        fa1_0.assigned_to,
        fa1_0.created_at,
        fa1_0.customer_id,
        fa1_0.message,
        fa1_0.priority,
        fa1_0.resolved_at,
        fa1_0.risk_score_id,
        fa1_0.status,
        fa1_0.transaction_id,
        fa1_0.updated_at 
    from
        fraud_alerts fa1_0
2026-07-10T01:09:23.603+03:00 DEBUG 42096 --- [banking-transaction-risk-fraud-monitoring] [nio-8081-exec-6] org.hibernate.SQL                        : 
    select
        bt1_0.id,
        bt1_0.amount,
        bt1_0.channel,
        bt1_0.country,
        bt1_0.created_at,
        bt1_0.currency,
        bt1_0.customer_id,
        bt1_0.destination_account_id,
        bt1_0.device_id,
        bt1_0.ip_address,
        bt1_0.merchant_category,
        bt1_0.source_account_id,
        bt1_0.status,
        bt1_0.transaction_id,
        bt1_0.transaction_type 
    from
        banking_transactions bt1_0 
    where
        bt1_0.id=?
Hibernate: 
    select
        bt1_0.id,
        bt1_0.amount,
        bt1_0.channel,
        bt1_0.country,
        bt1_0.created_at,
        bt1_0.currency,
        bt1_0.customer_id,
        bt1_0.destination_account_id,
        bt1_0.device_id,
        bt1_0.ip_address,
        bt1_0.merchant_category,
        bt1_0.source_account_id,
        bt1_0.status,
        bt1_0.transaction_id,
        bt1_0.transaction_type 
    from
        banking_transactions bt1_0 
    where
        bt1_0.id=?
2026-07-10T01:09:23.606+03:00 DEBUG 42096 --- [banking-transaction-risk-fraud-monitoring] [nio-8081-exec-6] org.hibernate.SQL                        : 
    select
        c1_0.id,
        c1_0.country,
        c1_0.created_at,
        c1_0.customer_id,
        c1_0.email,
        c1_0.full_name,
        c1_0.phone,
        c1_0.risk_level,
        c1_0.status,
        c1_0.updated_at 
    from
        customers c1_0 
    where
        c1_0.id=?
Hibernate: 
    select
        c1_0.id,
        c1_0.country,
        c1_0.created_at,
        c1_0.customer_id,
        c1_0.email,
        c1_0.full_name,
        c1_0.phone,
        c1_0.risk_level,
        c1_0.status,
        c1_0.updated_at 
    from
        customers c1_0 
    where
        c1_0.id=?
2026-07-10T01:09:23.610+03:00 DEBUG 42096 --- [banking-transaction-risk-fraud-monitoring] [nio-8081-exec-6] org.hibernate.SQL                        : 
    select
        rs1_0.id,
        rs1_0.created_at,
        rs1_0.explanation,
        rs1_0.final_score,
        rs1_0.ml_explanation,
        rs1_0.ml_score,
        rs1_0.risk_level,
        rs1_0.rule_score,
        rs1_0.scoring_source,
        rs1_0.transaction_id,
        rs1_0.triggered_rules 
    from
        risk_scores rs1_0 
    where
        rs1_0.id=?
Hibernate: 
    select
        rs1_0.id,
        rs1_0.created_at,
        rs1_0.explanation,
        rs1_0.final_score,
        rs1_0.ml_explanation,
        rs1_0.ml_score,
        rs1_0.risk_level,
        rs1_0.rule_score,
        rs1_0.scoring_source,
        rs1_0.transaction_id,
        rs1_0.triggered_rules 
    from
        risk_scores rs1_0 
    where
        rs1_0.id=?
2026-07-10T01:09:23.634+03:00 DEBUG 42096 --- [banking-transaction-risk-fraud-monitoring] [nio-8081-exec-6] org.hibernate.SQL                        : 
    select
        bt1_0.id,
        bt1_0.amount,
        bt1_0.channel,
        bt1_0.country,
        bt1_0.created_at,
        bt1_0.currency,
        bt1_0.customer_id,
        bt1_0.destination_account_id,
        bt1_0.device_id,
        bt1_0.ip_address,
        bt1_0.merchant_category,
        bt1_0.source_account_id,
        bt1_0.status,
        bt1_0.transaction_id,
        bt1_0.transaction_type 
    from
        banking_transactions bt1_0 
    where
        bt1_0.id=?
Hibernate: 
    select
        bt1_0.id,
        bt1_0.amount,
        bt1_0.channel,
        bt1_0.country,
        bt1_0.created_at,
        bt1_0.currency,
        bt1_0.customer_id,
        bt1_0.destination_account_id,
        bt1_0.device_id,
        bt1_0.ip_address,
        bt1_0.merchant_category,
        bt1_0.source_account_id,
        bt1_0.status,
        bt1_0.transaction_id,
        bt1_0.transaction_type 
    from
        banking_transactions bt1_0 
    where
        bt1_0.id=?
2026-07-10T01:09:23.634+03:00 DEBUG 42096 --- [banking-transaction-risk-fraud-monitoring] [nio-8081-exec-6] org.hibernate.SQL                        : 
    select
        rs1_0.id,
        rs1_0.created_at,
        rs1_0.explanation,
        rs1_0.final_score,
        rs1_0.ml_explanation,
        rs1_0.ml_score,
        rs1_0.risk_level,
        rs1_0.rule_score,
        rs1_0.scoring_source,
        rs1_0.transaction_id,
        rs1_0.triggered_rules 
    from
        risk_scores rs1_0 
    where
        rs1_0.id=?
Hibernate: 
    select
        rs1_0.id,
        rs1_0.created_at,
        rs1_0.explanation,
        rs1_0.final_score,
        rs1_0.ml_explanation,
        rs1_0.ml_score,
        rs1_0.risk_level,
        rs1_0.rule_score,
        rs1_0.scoring_source,
        rs1_0.transaction_id,
        rs1_0.triggered_rules 
    from
        risk_scores rs1_0 
    where
        rs1_0.id=?
2026-07-10T01:09:23.655+03:00 DEBUG 42096 --- [banking-transaction-risk-fraud-monitoring] [nio-8081-exec-6] org.hibernate.SQL                        : 
    select
        bt1_0.id,
        bt1_0.amount,
        bt1_0.channel,
        bt1_0.country,
        bt1_0.created_at,
        bt1_0.currency,
        bt1_0.customer_id,
        bt1_0.destination_account_id,
        bt1_0.device_id,
        bt1_0.ip_address,
        bt1_0.merchant_category,
        bt1_0.source_account_id,
        bt1_0.status,
        bt1_0.transaction_id,
        bt1_0.transaction_type 
    from
        banking_transactions bt1_0 
    where
        bt1_0.id=?
Hibernate: 
    select
        bt1_0.id,
        bt1_0.amount,
        bt1_0.channel,
        bt1_0.country,
        bt1_0.created_at,
        bt1_0.currency,
        bt1_0.customer_id,
        bt1_0.destination_account_id,
        bt1_0.device_id,
        bt1_0.ip_address,
        bt1_0.merchant_category,
        bt1_0.source_account_id,
        bt1_0.status,
        bt1_0.transaction_id,
        bt1_0.transaction_type 
    from
        banking_transactions bt1_0 
    where
        bt1_0.id=?
2026-07-10T01:09:23.660+03:00 DEBUG 42096 --- [banking-transaction-risk-fraud-monitoring] [nio-8081-exec-6] org.hibernate.SQL                        : 
    select
        c1_0.id,
        c1_0.country,
        c1_0.created_at,
        c1_0.customer_id,
        c1_0.email,
        c1_0.full_name,
        c1_0.phone,
        c1_0.risk_level,
        c1_0.status,
        c1_0.updated_at 
    from
        customers c1_0 
    where
        c1_0.id=?
Hibernate: 
    select
        c1_0.id,
        c1_0.country,
        c1_0.created_at,
        c1_0.customer_id,
        c1_0.email,
        c1_0.full_name,
        c1_0.phone,
        c1_0.risk_level,
        c1_0.status,
        c1_0.updated_at 
    from
        customers c1_0 
    where
        c1_0.id=?
2026-07-10T01:09:23.663+03:00 DEBUG 42096 --- [banking-transaction-risk-fraud-monitoring] [nio-8081-exec-6] org.hibernate.SQL                        : 
    select
        rs1_0.id,
        rs1_0.created_at,
        rs1_0.explanation,
        rs1_0.final_score,
        rs1_0.ml_explanation,
        rs1_0.ml_score,
        rs1_0.risk_level,
        rs1_0.rule_score,
        rs1_0.scoring_source,
        rs1_0.transaction_id,
        rs1_0.triggered_rules 
    from
        risk_scores rs1_0 
    where
        rs1_0.id=?
Hibernate: 
    select
        rs1_0.id,
        rs1_0.created_at,
        rs1_0.explanation,
        rs1_0.final_score,
        rs1_0.ml_explanation,
        rs1_0.ml_score,
        rs1_0.risk_level,
        rs1_0.rule_score,
        rs1_0.scoring_source,
        rs1_0.transaction_id,
        rs1_0.triggered_rules 
    from
        risk_scores rs1_0 
    where
        rs1_0.id=?
2026-07-10T01:09:23.685+03:00 DEBUG 42096 --- [banking-transaction-risk-fraud-monitoring] [nio-8081-exec-6] org.hibernate.SQL                        : 
    select
        bt1_0.id,
        bt1_0.amount,
        bt1_0.channel,
        bt1_0.country,
        bt1_0.created_at,
        bt1_0.currency,
        bt1_0.customer_id,
        bt1_0.destination_account_id,
        bt1_0.device_id,
        bt1_0.ip_address,
        bt1_0.merchant_category,
        bt1_0.source_account_id,
        bt1_0.status,
        bt1_0.transaction_id,
        bt1_0.transaction_type 
    from
        banking_transactions bt1_0 
    where
        bt1_0.id=?
Hibernate: 
    select
        bt1_0.id,
        bt1_0.amount,
        bt1_0.channel,
        bt1_0.country,
        bt1_0.created_at,
        bt1_0.currency,
        bt1_0.customer_id,
        bt1_0.destination_account_id,
        bt1_0.device_id,
        bt1_0.ip_address,
        bt1_0.merchant_category,
        bt1_0.source_account_id,
        bt1_0.status,
        bt1_0.transaction_id,
        bt1_0.transaction_type 
    from
        banking_transactions bt1_0 
    where
        bt1_0.id=?
2026-07-10T01:09:23.689+03:00 DEBUG 42096 --- [banking-transaction-risk-fraud-monitoring] [nio-8081-exec-6] org.hibernate.SQL                        : 
    select
        c1_0.id,
        c1_0.country,
        c1_0.created_at,
        c1_0.customer_id,
        c1_0.email,
        c1_0.full_name,
        c1_0.phone,
        c1_0.risk_level,
        c1_0.status,
        c1_0.updated_at 
    from
        customers c1_0 
    where
        c1_0.id=?
Hibernate: 
    select
        c1_0.id,
        c1_0.country,
        c1_0.created_at,
        c1_0.customer_id,
        c1_0.email,
        c1_0.full_name,
        c1_0.phone,
        c1_0.risk_level,
        c1_0.status,
        c1_0.updated_at 
    from
        customers c1_0 
    where
        c1_0.id=?
2026-07-10T01:09:23.692+03:00 DEBUG 42096 --- [banking-transaction-risk-fraud-monitoring] [nio-8081-exec-6] org.hibernate.SQL                        : 
    select
        rs1_0.id,
        rs1_0.created_at,
        rs1_0.explanation,
        rs1_0.final_score,
        rs1_0.ml_explanation,
        rs1_0.ml_score,
        rs1_0.risk_level,
        rs1_0.rule_score,
        rs1_0.scoring_source,
        rs1_0.transaction_id,
        rs1_0.triggered_rules 
    from
        risk_scores rs1_0 
    where
        rs1_0.id=?
Hibernate: 
    select
        rs1_0.id,
        rs1_0.created_at,
        rs1_0.explanation,
        rs1_0.final_score,
        rs1_0.ml_explanation,
        rs1_0.ml_score,
        rs1_0.risk_level,
        rs1_0.rule_score,
        rs1_0.scoring_source,
        rs1_0.transaction_id,
        rs1_0.triggered_rules 
    from
        risk_scores rs1_0 
    where
        rs1_0.id=?
2026-07-10T01:09:23.718+03:00 DEBUG 42096 --- [banking-transaction-risk-fraud-monitoring] [nio-8081-exec-6] org.hibernate.SQL                        : 
    select
        bt1_0.id,
        bt1_0.amount,
        bt1_0.channel,
        bt1_0.country,
        bt1_0.created_at,
        bt1_0.currency,
        bt1_0.customer_id,
        bt1_0.destination_account_id,
        bt1_0.device_id,
        bt1_0.ip_address,
        bt1_0.merchant_category,
        bt1_0.source_account_id,
        bt1_0.status,
        bt1_0.transaction_id,
        bt1_0.transaction_type 
    from
        banking_transactions bt1_0 
    where
        bt1_0.id=?
Hibernate: 
    select
        bt1_0.id,
        bt1_0.amount,
        bt1_0.channel,
        bt1_0.country,
        bt1_0.created_at,
        bt1_0.currency,
        bt1_0.customer_id,
        bt1_0.destination_account_id,
        bt1_0.device_id,
        bt1_0.ip_address,
        bt1_0.merchant_category,
        bt1_0.source_account_id,
        bt1_0.status,
        bt1_0.transaction_id,
        bt1_0.transaction_type 
    from
        banking_transactions bt1_0 
    where
        bt1_0.id=?
2026-07-10T01:09:23.720+03:00 DEBUG 42096 --- [banking-transaction-risk-fraud-monitoring] [nio-8081-exec-6] org.hibernate.SQL                        : 
    select
        rs1_0.id,
        rs1_0.created_at,
        rs1_0.explanation,
        rs1_0.final_score,
        rs1_0.ml_explanation,
        rs1_0.ml_score,
        rs1_0.risk_level,
        rs1_0.rule_score,
        rs1_0.scoring_source,
        rs1_0.transaction_id,
        rs1_0.triggered_rules 
    from
        risk_scores rs1_0 
    where
        rs1_0.id=?
Hibernate: 
    select
        rs1_0.id,
        rs1_0.created_at,
        rs1_0.explanation,
        rs1_0.final_score,
        rs1_0.ml_explanation,
        rs1_0.ml_score,
        rs1_0.risk_level,
        rs1_0.rule_score,
        rs1_0.scoring_source,
        rs1_0.transaction_id,
        rs1_0.triggered_rules 
    from
        risk_scores rs1_0 
    where
        rs1_0.id=?
2026-07-10T01:09:23.751+03:00 DEBUG 42096 --- [banking-transaction-risk-fraud-monitoring] [nio-8081-exec-6] org.hibernate.SQL                        : 
    select
        bt1_0.id,
        bt1_0.amount,
        bt1_0.channel,
        bt1_0.country,
        bt1_0.created_at,
        bt1_0.currency,
        bt1_0.customer_id,
        bt1_0.destination_account_id,
        bt1_0.device_id,
        bt1_0.ip_address,
        bt1_0.merchant_category,
        bt1_0.source_account_id,
        bt1_0.status,
        bt1_0.transaction_id,
        bt1_0.transaction_type 
    from
        banking_transactions bt1_0 
    where
        bt1_0.id=?
Hibernate: 
    select
        bt1_0.id,
        bt1_0.amount,
        bt1_0.channel,
        bt1_0.country,
        bt1_0.created_at,
        bt1_0.currency,
        bt1_0.customer_id,
        bt1_0.destination_account_id,
        bt1_0.device_id,
        bt1_0.ip_address,
        bt1_0.merchant_category,
        bt1_0.source_account_id,
        bt1_0.status,
        bt1_0.transaction_id,
        bt1_0.transaction_type 
    from
        banking_transactions bt1_0 
    where
        bt1_0.id=?
2026-07-10T01:09:23.753+03:00 DEBUG 42096 --- [banking-transaction-risk-fraud-monitoring] [nio-8081-exec-6] org.hibernate.SQL                        : 
    select
        rs1_0.id,
        rs1_0.created_at,
        rs1_0.explanation,
        rs1_0.final_score,
        rs1_0.ml_explanation,
        rs1_0.ml_score,
        rs1_0.risk_level,
        rs1_0.rule_score,
        rs1_0.scoring_source,
        rs1_0.transaction_id,
        rs1_0.triggered_rules 
    from
        risk_scores rs1_0 
    where
        rs1_0.id=?
Hibernate: 
    select
        rs1_0.id,
        rs1_0.created_at,
        rs1_0.explanation,
        rs1_0.final_score,
        rs1_0.ml_explanation,
        rs1_0.ml_score,
        rs1_0.risk_level,
        rs1_0.rule_score,
        rs1_0.scoring_source,
        rs1_0.transaction_id,
        rs1_0.triggered_rules 
    from
        risk_scores rs1_0 
    where
        rs1_0.id=?
2026-07-10T01:09:23.784+03:00 DEBUG 42096 --- [banking-transaction-risk-fraud-monitoring] [nio-8081-exec-6] org.hibernate.SQL                        : 
    select
        bt1_0.id,
        bt1_0.amount,
        bt1_0.channel,
        bt1_0.country,
        bt1_0.created_at,
        bt1_0.currency,
        bt1_0.customer_id,
        bt1_0.destination_account_id,
        bt1_0.device_id,
        bt1_0.ip_address,
        bt1_0.merchant_category,
        bt1_0.source_account_id,
        bt1_0.status,
        bt1_0.transaction_id,
        bt1_0.transaction_type 
    from
        banking_transactions bt1_0 
    where
        bt1_0.id=?
Hibernate: 
    select
        bt1_0.id,
        bt1_0.amount,
        bt1_0.channel,
        bt1_0.country,
        bt1_0.created_at,
        bt1_0.currency,
        bt1_0.customer_id,
        bt1_0.destination_account_id,
        bt1_0.device_id,
        bt1_0.ip_address,
        bt1_0.merchant_category,
        bt1_0.source_account_id,
        bt1_0.status,
        bt1_0.transaction_id,
        bt1_0.transaction_type 
    from
        banking_transactions bt1_0 
    where
        bt1_0.id=?
2026-07-10T01:09:23.787+03:00 DEBUG 42096 --- [banking-transaction-risk-fraud-monitoring] [nio-8081-exec-6] org.hibernate.SQL                        : 
    select
        rs1_0.id,
        rs1_0.created_at,
        rs1_0.explanation,
        rs1_0.final_score,
        rs1_0.ml_explanation,
        rs1_0.ml_score,
        rs1_0.risk_level,
        rs1_0.rule_score,
        rs1_0.scoring_source,
        rs1_0.transaction_id,
        rs1_0.triggered_rules 
    from
        risk_scores rs1_0 
    where
        rs1_0.id=?
Hibernate: 
    select
        rs1_0.id,
        rs1_0.created_at,
        rs1_0.explanation,
        rs1_0.final_score,
        rs1_0.ml_explanation,
        rs1_0.ml_score,
        rs1_0.risk_level,
        rs1_0.rule_score,
        rs1_0.scoring_source,
        rs1_0.transaction_id,
        rs1_0.triggered_rules 
    from
        risk_scores rs1_0 
    where
        rs1_0.id=?
2026-07-10T01:09:48.792+03:00 DEBUG 42096 --- [banking-transaction-risk-fraud-monitoring] [io-8081-exec-10] org.hibernate.SQL                        : 
    select
        fa1_0.id,
        fa1_0.alert_id,
        fa1_0.alert_type,
        fa1_0.assigned_to,
        fa1_0.created_at,
        fa1_0.customer_id,
        fa1_0.message,
        fa1_0.priority,
        fa1_0.resolved_at,
        fa1_0.risk_score_id,
        fa1_0.status,
        fa1_0.transaction_id,
        fa1_0.updated_at 
    from
        fraud_alerts fa1_0
Hibernate: 
    select
        fa1_0.id,
        fa1_0.alert_id,
        fa1_0.alert_type,
        fa1_0.assigned_to,
        fa1_0.created_at,
        fa1_0.customer_id,
        fa1_0.message,
        fa1_0.priority,
        fa1_0.resolved_at,
        fa1_0.risk_score_id,
        fa1_0.status,
        fa1_0.transaction_id,
        fa1_0.updated_at 
    from
        fraud_alerts fa1_0
2026-07-10T01:09:48.793+03:00 DEBUG 42096 --- [banking-transaction-risk-fraud-monitoring] [nio-8081-exec-2] org.hibernate.SQL                        : 
    select
        fa1_0.id,
        fa1_0.alert_id,
        fa1_0.alert_type,
        fa1_0.assigned_to,
        fa1_0.created_at,
        fa1_0.customer_id,
        fa1_0.message,
        fa1_0.priority,
        fa1_0.resolved_at,
        fa1_0.risk_score_id,
        fa1_0.status,
        fa1_0.transaction_id,
        fa1_0.updated_at 
    from
        fraud_alerts fa1_0
Hibernate: 
    select
        fa1_0.id,
        fa1_0.alert_id,
        fa1_0.alert_type,
        fa1_0.assigned_to,
        fa1_0.created_at,
        fa1_0.customer_id,
        fa1_0.message,
        fa1_0.priority,
        fa1_0.resolved_at,
        fa1_0.risk_score_id,
        fa1_0.status,
        fa1_0.transaction_id,
        fa1_0.updated_at 
    from
        fraud_alerts fa1_0
2026-07-10T01:09:48.799+03:00 DEBUG 42096 --- [banking-transaction-risk-fraud-monitoring] [io-8081-exec-10] org.hibernate.SQL                        : 
    select
        bt1_0.id,
        bt1_0.amount,
        bt1_0.channel,
        bt1_0.country,
        bt1_0.created_at,
        bt1_0.currency,
        bt1_0.customer_id,
        bt1_0.destination_account_id,
        bt1_0.device_id,
        bt1_0.ip_address,
        bt1_0.merchant_category,
        bt1_0.source_account_id,
        bt1_0.status,
        bt1_0.transaction_id,
        bt1_0.transaction_type 
    from
        banking_transactions bt1_0 
    where
        bt1_0.id=?
Hibernate: 
    select
        bt1_0.id,
        bt1_0.amount,
        bt1_0.channel,
        bt1_0.country,
        bt1_0.created_at,
        bt1_0.currency,
        bt1_0.customer_id,
        bt1_0.destination_account_id,
        bt1_0.device_id,
        bt1_0.ip_address,
        bt1_0.merchant_category,
        bt1_0.source_account_id,
        bt1_0.status,
        bt1_0.transaction_id,
        bt1_0.transaction_type 
    from
        banking_transactions bt1_0 
    where
        bt1_0.id=?
2026-07-10T01:09:48.799+03:00 DEBUG 42096 --- [banking-transaction-risk-fraud-monitoring] [nio-8081-exec-2] org.hibernate.SQL                        : 
    select
        bt1_0.id,
        bt1_0.amount,
        bt1_0.channel,
        bt1_0.country,
        bt1_0.created_at,
        bt1_0.currency,
        bt1_0.customer_id,
        bt1_0.destination_account_id,
        bt1_0.device_id,
        bt1_0.ip_address,
        bt1_0.merchant_category,
        bt1_0.source_account_id,
        bt1_0.status,
        bt1_0.transaction_id,
        bt1_0.transaction_type 
    from
        banking_transactions bt1_0 
    where
        bt1_0.id=?
Hibernate: 
    select
        bt1_0.id,
        bt1_0.amount,
        bt1_0.channel,
        bt1_0.country,
        bt1_0.created_at,
        bt1_0.currency,
        bt1_0.customer_id,
        bt1_0.destination_account_id,
        bt1_0.device_id,
        bt1_0.ip_address,
        bt1_0.merchant_category,
        bt1_0.source_account_id,
        bt1_0.status,
        bt1_0.transaction_id,
        bt1_0.transaction_type 
    from
        banking_transactions bt1_0 
    where
        bt1_0.id=?
2026-07-10T01:09:48.802+03:00 DEBUG 42096 --- [banking-transaction-risk-fraud-monitoring] [nio-8081-exec-2] org.hibernate.SQL                        : 
    select
        c1_0.id,
        c1_0.country,
        c1_0.created_at,
        c1_0.customer_id,
        c1_0.email,
        c1_0.full_name,
        c1_0.phone,
        c1_0.risk_level,
        c1_0.status,
        c1_0.updated_at 
    from
        customers c1_0 
    where
        c1_0.id=?
Hibernate: 
    select
        c1_0.id,
        c1_0.country,
        c1_0.created_at,
        c1_0.customer_id,
        c1_0.email,
        c1_0.full_name,
        c1_0.phone,
        c1_0.risk_level,
        c1_0.status,
        c1_0.updated_at 
    from
        customers c1_0 
    where
        c1_0.id=?
2026-07-10T01:09:48.802+03:00 DEBUG 42096 --- [banking-transaction-risk-fraud-monitoring] [io-8081-exec-10] org.hibernate.SQL                        : 
    select
        c1_0.id,
        c1_0.country,
        c1_0.created_at,
        c1_0.customer_id,
        c1_0.email,
        c1_0.full_name,
        c1_0.phone,
        c1_0.risk_level,
        c1_0.status,
        c1_0.updated_at 
    from
        customers c1_0 
    where
        c1_0.id=?
Hibernate: 
    select
        c1_0.id,
        c1_0.country,
        c1_0.created_at,
        c1_0.customer_id,
        c1_0.email,
        c1_0.full_name,
        c1_0.phone,
        c1_0.risk_level,
        c1_0.status,
        c1_0.updated_at 
    from
        customers c1_0 
    where
        c1_0.id=?
2026-07-10T01:09:48.804+03:00 DEBUG 42096 --- [banking-transaction-risk-fraud-monitoring] [nio-8081-exec-2] org.hibernate.SQL                        : 
    select
        rs1_0.id,
        rs1_0.created_at,
        rs1_0.explanation,
        rs1_0.final_score,
        rs1_0.ml_explanation,
        rs1_0.ml_score,
        rs1_0.risk_level,
        rs1_0.rule_score,
        rs1_0.scoring_source,
        rs1_0.transaction_id,
        rs1_0.triggered_rules 
    from
        risk_scores rs1_0 
    where
        rs1_0.id=?
Hibernate: 
    select
        rs1_0.id,
        rs1_0.created_at,
        rs1_0.explanation,
        rs1_0.final_score,
        rs1_0.ml_explanation,
        rs1_0.ml_score,
        rs1_0.risk_level,
        rs1_0.rule_score,
        rs1_0.scoring_source,
        rs1_0.transaction_id,
        rs1_0.triggered_rules 
    from
        risk_scores rs1_0 
    where
        rs1_0.id=?
2026-07-10T01:09:48.805+03:00 DEBUG 42096 --- [banking-transaction-risk-fraud-monitoring] [io-8081-exec-10] org.hibernate.SQL                        : 
    select
        rs1_0.id,
        rs1_0.created_at,
        rs1_0.explanation,
        rs1_0.final_score,
        rs1_0.ml_explanation,
        rs1_0.ml_score,
        rs1_0.risk_level,
        rs1_0.rule_score,
        rs1_0.scoring_source,
        rs1_0.transaction_id,
        rs1_0.triggered_rules 
    from
        risk_scores rs1_0 
    where
        rs1_0.id=?
Hibernate: 
    select
        rs1_0.id,
        rs1_0.created_at,
        rs1_0.explanation,
        rs1_0.final_score,
        rs1_0.ml_explanation,
        rs1_0.ml_score,
        rs1_0.risk_level,
        rs1_0.rule_score,
        rs1_0.scoring_source,
        rs1_0.transaction_id,
        rs1_0.triggered_rules 
    from
        risk_scores rs1_0 
    where
        rs1_0.id=?
2026-07-10T01:09:48.836+03:00 DEBUG 42096 --- [banking-transaction-risk-fraud-monitoring] [nio-8081-exec-2] org.hibernate.SQL                        : 
    select
        bt1_0.id,
        bt1_0.amount,
        bt1_0.channel,
        bt1_0.country,
        bt1_0.created_at,
        bt1_0.currency,
        bt1_0.customer_id,
        bt1_0.destination_account_id,
        bt1_0.device_id,
        bt1_0.ip_address,
        bt1_0.merchant_category,
        bt1_0.source_account_id,
        bt1_0.status,
        bt1_0.transaction_id,
        bt1_0.transaction_type 
    from
        banking_transactions bt1_0 
    where
        bt1_0.id=?
Hibernate: 
    select
        bt1_0.id,
        bt1_0.amount,
        bt1_0.channel,
        bt1_0.country,
        bt1_0.created_at,
        bt1_0.currency,
        bt1_0.customer_id,
        bt1_0.destination_account_id,
        bt1_0.device_id,
        bt1_0.ip_address,
        bt1_0.merchant_category,
        bt1_0.source_account_id,
        bt1_0.status,
        bt1_0.transaction_id,
        bt1_0.transaction_type 
    from
        banking_transactions bt1_0 
    where
        bt1_0.id=?
2026-07-10T01:09:48.836+03:00 DEBUG 42096 --- [banking-transaction-risk-fraud-monitoring] [io-8081-exec-10] org.hibernate.SQL                        : 
    select
        bt1_0.id,
        bt1_0.amount,
        bt1_0.channel,
        bt1_0.country,
        bt1_0.created_at,
        bt1_0.currency,
        bt1_0.customer_id,
        bt1_0.destination_account_id,
        bt1_0.device_id,
        bt1_0.ip_address,
        bt1_0.merchant_category,
        bt1_0.source_account_id,
        bt1_0.status,
        bt1_0.transaction_id,
        bt1_0.transaction_type 
    from
        banking_transactions bt1_0 
    where
        bt1_0.id=?
Hibernate: 
    select
        bt1_0.id,
        bt1_0.amount,
        bt1_0.channel,
        bt1_0.country,
        bt1_0.created_at,
        bt1_0.currency,
        bt1_0.customer_id,
        bt1_0.destination_account_id,
        bt1_0.device_id,
        bt1_0.ip_address,
        bt1_0.merchant_category,
        bt1_0.source_account_id,
        bt1_0.status,
        bt1_0.transaction_id,
        bt1_0.transaction_type 
    from
        banking_transactions bt1_0 
    where
        bt1_0.id=?
2026-07-10T01:09:48.839+03:00 DEBUG 42096 --- [banking-transaction-risk-fraud-monitoring] [nio-8081-exec-2] org.hibernate.SQL                        : 
    select
        rs1_0.id,
        rs1_0.created_at,
        rs1_0.explanation,
        rs1_0.final_score,
        rs1_0.ml_explanation,
        rs1_0.ml_score,
        rs1_0.risk_level,
        rs1_0.rule_score,
        rs1_0.scoring_source,
        rs1_0.transaction_id,
        rs1_0.triggered_rules 
    from
        risk_scores rs1_0 
    where
        rs1_0.id=?
Hibernate: 
    select
        rs1_0.id,
        rs1_0.created_at,
        rs1_0.explanation,
        rs1_0.final_score,
        rs1_0.ml_explanation,
        rs1_0.ml_score,
        rs1_0.risk_level,
        rs1_0.rule_score,
        rs1_0.scoring_source,
        rs1_0.transaction_id,
        rs1_0.triggered_rules 
    from
        risk_scores rs1_0 
    where
        rs1_0.id=?
2026-07-10T01:09:48.839+03:00 DEBUG 42096 --- [banking-transaction-risk-fraud-monitoring] [io-8081-exec-10] org.hibernate.SQL                        : 
    select
        rs1_0.id,
        rs1_0.created_at,
        rs1_0.explanation,
        rs1_0.final_score,
        rs1_0.ml_explanation,
        rs1_0.ml_score,
        rs1_0.risk_level,
        rs1_0.rule_score,
        rs1_0.scoring_source,
        rs1_0.transaction_id,
        rs1_0.triggered_rules 
    from
        risk_scores rs1_0 
    where
        rs1_0.id=?
Hibernate: 
    select
        rs1_0.id,
        rs1_0.created_at,
        rs1_0.explanation,
        rs1_0.final_score,
        rs1_0.ml_explanation,
        rs1_0.ml_score,
        rs1_0.risk_level,
        rs1_0.rule_score,
        rs1_0.scoring_source,
        rs1_0.transaction_id,
        rs1_0.triggered_rules 
    from
        risk_scores rs1_0 
    where
        rs1_0.id=?
2026-07-10T01:09:48.862+03:00 DEBUG 42096 --- [banking-transaction-risk-fraud-monitoring] [nio-8081-exec-2] org.hibernate.SQL                        : 
    select
        bt1_0.id,
        bt1_0.amount,
        bt1_0.channel,
        bt1_0.country,
        bt1_0.created_at,
        bt1_0.currency,
        bt1_0.customer_id,
        bt1_0.destination_account_id,
        bt1_0.device_id,
        bt1_0.ip_address,
        bt1_0.merchant_category,
        bt1_0.source_account_id,
        bt1_0.status,
        bt1_0.transaction_id,
        bt1_0.transaction_type 
    from
        banking_transactions bt1_0 
    where
        bt1_0.id=?
Hibernate: 
    select
        bt1_0.id,
        bt1_0.amount,
        bt1_0.channel,
        bt1_0.country,
        bt1_0.created_at,
        bt1_0.currency,
        bt1_0.customer_id,
        bt1_0.destination_account_id,
        bt1_0.device_id,
        bt1_0.ip_address,
        bt1_0.merchant_category,
        bt1_0.source_account_id,
        bt1_0.status,
        bt1_0.transaction_id,
        bt1_0.transaction_type 
    from
        banking_transactions bt1_0 
    where
        bt1_0.id=?
2026-07-10T01:09:48.862+03:00 DEBUG 42096 --- [banking-transaction-risk-fraud-monitoring] [io-8081-exec-10] org.hibernate.SQL                        : 
    select
        bt1_0.id,
        bt1_0.amount,
        bt1_0.channel,
        bt1_0.country,
        bt1_0.created_at,
        bt1_0.currency,
        bt1_0.customer_id,
        bt1_0.destination_account_id,
        bt1_0.device_id,
        bt1_0.ip_address,
        bt1_0.merchant_category,
        bt1_0.source_account_id,
        bt1_0.status,
        bt1_0.transaction_id,
        bt1_0.transaction_type 
    from
        banking_transactions bt1_0 
    where
        bt1_0.id=?
Hibernate: 
    select
        bt1_0.id,
        bt1_0.amount,
        bt1_0.channel,
        bt1_0.country,
        bt1_0.created_at,
        bt1_0.currency,
        bt1_0.customer_id,
        bt1_0.destination_account_id,
        bt1_0.device_id,
        bt1_0.ip_address,
        bt1_0.merchant_category,
        bt1_0.source_account_id,
        bt1_0.status,
        bt1_0.transaction_id,
        bt1_0.transaction_type 
    from
        banking_transactions bt1_0 
    where
        bt1_0.id=?
2026-07-10T01:09:48.865+03:00 DEBUG 42096 --- [banking-transaction-risk-fraud-monitoring] [nio-8081-exec-2] org.hibernate.SQL                        : 
    select
        c1_0.id,
        c1_0.country,
        c1_0.created_at,
        c1_0.customer_id,
        c1_0.email,
        c1_0.full_name,
        c1_0.phone,
        c1_0.risk_level,
        c1_0.status,
        c1_0.updated_at 
    from
        customers c1_0 
    where
        c1_0.id=?
Hibernate: 
    select
        c1_0.id,
        c1_0.country,
        c1_0.created_at,
        c1_0.customer_id,
        c1_0.email,
        c1_0.full_name,
        c1_0.phone,
        c1_0.risk_level,
        c1_0.status,
        c1_0.updated_at 
    from
        customers c1_0 
    where
        c1_0.id=?
2026-07-10T01:09:48.865+03:00 DEBUG 42096 --- [banking-transaction-risk-fraud-monitoring] [io-8081-exec-10] org.hibernate.SQL                        : 
    select
        c1_0.id,
        c1_0.country,
        c1_0.created_at,
        c1_0.customer_id,
        c1_0.email,
        c1_0.full_name,
        c1_0.phone,
        c1_0.risk_level,
        c1_0.status,
        c1_0.updated_at 
    from
        customers c1_0 
    where
        c1_0.id=?
Hibernate: 
    select
        c1_0.id,
        c1_0.country,
        c1_0.created_at,
        c1_0.customer_id,
        c1_0.email,
        c1_0.full_name,
        c1_0.phone,
        c1_0.risk_level,
        c1_0.status,
        c1_0.updated_at 
    from
        customers c1_0 
    where
        c1_0.id=?
2026-07-10T01:09:48.868+03:00 DEBUG 42096 --- [banking-transaction-risk-fraud-monitoring] [io-8081-exec-10] org.hibernate.SQL                        : 
    select
        rs1_0.id,
        rs1_0.created_at,
        rs1_0.explanation,
        rs1_0.final_score,
        rs1_0.ml_explanation,
        rs1_0.ml_score,
        rs1_0.risk_level,
        rs1_0.rule_score,
        rs1_0.scoring_source,
        rs1_0.transaction_id,
        rs1_0.triggered_rules 
    from
        risk_scores rs1_0 
    where
        rs1_0.id=?
Hibernate: 
    select
        rs1_0.id,
        rs1_0.created_at,
        rs1_0.explanation,
        rs1_0.final_score,
        rs1_0.ml_explanation,
        rs1_0.ml_score,
        rs1_0.risk_level,
        rs1_0.rule_score,
        rs1_0.scoring_source,
        rs1_0.transaction_id,
        rs1_0.triggered_rules 
    from
        risk_scores rs1_0 
    where
        rs1_0.id=?
2026-07-10T01:09:48.868+03:00 DEBUG 42096 --- [banking-transaction-risk-fraud-monitoring] [nio-8081-exec-2] org.hibernate.SQL                        : 
    select
        rs1_0.id,
        rs1_0.created_at,
        rs1_0.explanation,
        rs1_0.final_score,
        rs1_0.ml_explanation,
        rs1_0.ml_score,
        rs1_0.risk_level,
        rs1_0.rule_score,
        rs1_0.scoring_source,
        rs1_0.transaction_id,
        rs1_0.triggered_rules 
    from
        risk_scores rs1_0 
    where
        rs1_0.id=?
Hibernate: 
    select
        rs1_0.id,
        rs1_0.created_at,
        rs1_0.explanation,
        rs1_0.final_score,
        rs1_0.ml_explanation,
        rs1_0.ml_score,
        rs1_0.risk_level,
        rs1_0.rule_score,
        rs1_0.scoring_source,
        rs1_0.transaction_id,
        rs1_0.triggered_rules 
    from
        risk_scores rs1_0 
    where
        rs1_0.id=?
2026-07-10T01:09:48.900+03:00 DEBUG 42096 --- [banking-transaction-risk-fraud-monitoring] [nio-8081-exec-2] org.hibernate.SQL                        : 
    select
        bt1_0.id,
        bt1_0.amount,
        bt1_0.channel,
        bt1_0.country,
        bt1_0.created_at,
        bt1_0.currency,
        bt1_0.customer_id,
        bt1_0.destination_account_id,
        bt1_0.device_id,
        bt1_0.ip_address,
        bt1_0.merchant_category,
        bt1_0.source_account_id,
        bt1_0.status,
        bt1_0.transaction_id,
        bt1_0.transaction_type 
    from
        banking_transactions bt1_0 
    where
        bt1_0.id=?
Hibernate: 
    select
        bt1_0.id,
        bt1_0.amount,
        bt1_0.channel,
        bt1_0.country,
        bt1_0.created_at,
        bt1_0.currency,
        bt1_0.customer_id,
        bt1_0.destination_account_id,
        bt1_0.device_id,
        bt1_0.ip_address,
        bt1_0.merchant_category,
        bt1_0.source_account_id,
        bt1_0.status,
        bt1_0.transaction_id,
        bt1_0.transaction_type 
    from
        banking_transactions bt1_0 
    where
        bt1_0.id=?
2026-07-10T01:09:48.900+03:00 DEBUG 42096 --- [banking-transaction-risk-fraud-monitoring] [io-8081-exec-10] org.hibernate.SQL                        : 
    select
        bt1_0.id,
        bt1_0.amount,
        bt1_0.channel,
        bt1_0.country,
        bt1_0.created_at,
        bt1_0.currency,
        bt1_0.customer_id,
        bt1_0.destination_account_id,
        bt1_0.device_id,
        bt1_0.ip_address,
        bt1_0.merchant_category,
        bt1_0.source_account_id,
        bt1_0.status,
        bt1_0.transaction_id,
        bt1_0.transaction_type 
    from
        banking_transactions bt1_0 
    where
        bt1_0.id=?
Hibernate: 
    select
        bt1_0.id,
        bt1_0.amount,
        bt1_0.channel,
        bt1_0.country,
        bt1_0.created_at,
        bt1_0.currency,
        bt1_0.customer_id,
        bt1_0.destination_account_id,
        bt1_0.device_id,
        bt1_0.ip_address,
        bt1_0.merchant_category,
        bt1_0.source_account_id,
        bt1_0.status,
        bt1_0.transaction_id,
        bt1_0.transaction_type 
    from
        banking_transactions bt1_0 
    where
        bt1_0.id=?
2026-07-10T01:09:48.903+03:00 DEBUG 42096 --- [banking-transaction-risk-fraud-monitoring] [io-8081-exec-10] org.hibernate.SQL                        : 
    select
        c1_0.id,
        c1_0.country,
        c1_0.created_at,
        c1_0.customer_id,
        c1_0.email,
        c1_0.full_name,
        c1_0.phone,
        c1_0.risk_level,
        c1_0.status,
        c1_0.updated_at 
    from
        customers c1_0 
    where
        c1_0.id=?
Hibernate: 
    select
        c1_0.id,
        c1_0.country,
        c1_0.created_at,
        c1_0.customer_id,
        c1_0.email,
        c1_0.full_name,
        c1_0.phone,
        c1_0.risk_level,
        c1_0.status,
        c1_0.updated_at 
    from
        customers c1_0 
    where
        c1_0.id=?
2026-07-10T01:09:48.903+03:00 DEBUG 42096 --- [banking-transaction-risk-fraud-monitoring] [nio-8081-exec-2] org.hibernate.SQL                        : 
    select
        c1_0.id,
        c1_0.country,
        c1_0.created_at,
        c1_0.customer_id,
        c1_0.email,
        c1_0.full_name,
        c1_0.phone,
        c1_0.risk_level,
        c1_0.status,
        c1_0.updated_at 
    from
        customers c1_0 
    where
        c1_0.id=?
Hibernate: 
    select
        c1_0.id,
        c1_0.country,
        c1_0.created_at,
        c1_0.customer_id,
        c1_0.email,
        c1_0.full_name,
        c1_0.phone,
        c1_0.risk_level,
        c1_0.status,
        c1_0.updated_at 
    from
        customers c1_0 
    where
        c1_0.id=?
2026-07-10T01:09:48.906+03:00 DEBUG 42096 --- [banking-transaction-risk-fraud-monitoring] [nio-8081-exec-2] org.hibernate.SQL                        : 
    select
        rs1_0.id,
        rs1_0.created_at,
        rs1_0.explanation,
        rs1_0.final_score,
        rs1_0.ml_explanation,
        rs1_0.ml_score,
        rs1_0.risk_level,
        rs1_0.rule_score,
        rs1_0.scoring_source,
        rs1_0.transaction_id,
        rs1_0.triggered_rules 
    from
        risk_scores rs1_0 
    where
        rs1_0.id=?
Hibernate: 
    select
        rs1_0.id,
        rs1_0.created_at,
        rs1_0.explanation,
        rs1_0.final_score,
        rs1_0.ml_explanation,
        rs1_0.ml_score,
        rs1_0.risk_level,
        rs1_0.rule_score,
        rs1_0.scoring_source,
        rs1_0.transaction_id,
        rs1_0.triggered_rules 
    from
        risk_scores rs1_0 
    where
        rs1_0.id=?
2026-07-10T01:09:48.906+03:00 DEBUG 42096 --- [banking-transaction-risk-fraud-monitoring] [io-8081-exec-10] org.hibernate.SQL                        : 
    select
        rs1_0.id,
        rs1_0.created_at,
        rs1_0.explanation,
        rs1_0.final_score,
        rs1_0.ml_explanation,
        rs1_0.ml_score,
        rs1_0.risk_level,
        rs1_0.rule_score,
        rs1_0.scoring_source,
        rs1_0.transaction_id,
        rs1_0.triggered_rules 
    from
        risk_scores rs1_0 
    where
        rs1_0.id=?
Hibernate: 
    select
        rs1_0.id,
        rs1_0.created_at,
        rs1_0.explanation,
        rs1_0.final_score,
        rs1_0.ml_explanation,
        rs1_0.ml_score,
        rs1_0.risk_level,
        rs1_0.rule_score,
        rs1_0.scoring_source,
        rs1_0.transaction_id,
        rs1_0.triggered_rules 
    from
        risk_scores rs1_0 
    where
        rs1_0.id=?
2026-07-10T01:09:48.940+03:00 DEBUG 42096 --- [banking-transaction-risk-fraud-monitoring] [io-8081-exec-10] org.hibernate.SQL                        : 
    select
        bt1_0.id,
        bt1_0.amount,
        bt1_0.channel,
        bt1_0.country,
        bt1_0.created_at,
        bt1_0.currency,
        bt1_0.customer_id,
        bt1_0.destination_account_id,
        bt1_0.device_id,
        bt1_0.ip_address,
        bt1_0.merchant_category,
        bt1_0.source_account_id,
        bt1_0.status,
        bt1_0.transaction_id,
        bt1_0.transaction_type 
    from
        banking_transactions bt1_0 
    where
        bt1_0.id=?
Hibernate: 
    select
        bt1_0.id,
        bt1_0.amount,
        bt1_0.channel,
        bt1_0.country,
        bt1_0.created_at,
        bt1_0.currency,
        bt1_0.customer_id,
        bt1_0.destination_account_id,
        bt1_0.device_id,
        bt1_0.ip_address,
        bt1_0.merchant_category,
        bt1_0.source_account_id,
        bt1_0.status,
        bt1_0.transaction_id,
        bt1_0.transaction_type 
    from
        banking_transactions bt1_0 
    where
        bt1_0.id=?
2026-07-10T01:09:48.941+03:00 DEBUG 42096 --- [banking-transaction-risk-fraud-monitoring] [nio-8081-exec-2] org.hibernate.SQL                        : 
    select
        bt1_0.id,
        bt1_0.amount,
        bt1_0.channel,
        bt1_0.country,
        bt1_0.created_at,
        bt1_0.currency,
        bt1_0.customer_id,
        bt1_0.destination_account_id,
        bt1_0.device_id,
        bt1_0.ip_address,
        bt1_0.merchant_category,
        bt1_0.source_account_id,
        bt1_0.status,
        bt1_0.transaction_id,
        bt1_0.transaction_type 
    from
        banking_transactions bt1_0 
    where
        bt1_0.id=?
Hibernate: 
    select
        bt1_0.id,
        bt1_0.amount,
        bt1_0.channel,
        bt1_0.country,
        bt1_0.created_at,
        bt1_0.currency,
        bt1_0.customer_id,
        bt1_0.destination_account_id,
        bt1_0.device_id,
        bt1_0.ip_address,
        bt1_0.merchant_category,
        bt1_0.source_account_id,
        bt1_0.status,
        bt1_0.transaction_id,
        bt1_0.transaction_type 
    from
        banking_transactions bt1_0 
    where
        bt1_0.id=?
2026-07-10T01:09:48.943+03:00 DEBUG 42096 --- [banking-transaction-risk-fraud-monitoring] [io-8081-exec-10] org.hibernate.SQL                        : 
    select
        rs1_0.id,
        rs1_0.created_at,
        rs1_0.explanation,
        rs1_0.final_score,
        rs1_0.ml_explanation,
        rs1_0.ml_score,
        rs1_0.risk_level,
        rs1_0.rule_score,
        rs1_0.scoring_source,
        rs1_0.transaction_id,
        rs1_0.triggered_rules 
    from
        risk_scores rs1_0 
    where
        rs1_0.id=?
Hibernate: 
    select
        rs1_0.id,
        rs1_0.created_at,
        rs1_0.explanation,
        rs1_0.final_score,
        rs1_0.ml_explanation,
        rs1_0.ml_score,
        rs1_0.risk_level,
        rs1_0.rule_score,
        rs1_0.scoring_source,
        rs1_0.transaction_id,
        rs1_0.triggered_rules 
    from
        risk_scores rs1_0 
    where
        rs1_0.id=?
2026-07-10T01:09:48.943+03:00 DEBUG 42096 --- [banking-transaction-risk-fraud-monitoring] [nio-8081-exec-2] org.hibernate.SQL                        : 
    select
        rs1_0.id,
        rs1_0.created_at,
        rs1_0.explanation,
        rs1_0.final_score,
        rs1_0.ml_explanation,
        rs1_0.ml_score,
        rs1_0.risk_level,
        rs1_0.rule_score,
        rs1_0.scoring_source,
        rs1_0.transaction_id,
        rs1_0.triggered_rules 
    from
        risk_scores rs1_0 
    where
        rs1_0.id=?
Hibernate: 
    select
        rs1_0.id,
        rs1_0.created_at,
        rs1_0.explanation,
        rs1_0.final_score,
        rs1_0.ml_explanation,
        rs1_0.ml_score,
        rs1_0.risk_level,
        rs1_0.rule_score,
        rs1_0.scoring_source,
        rs1_0.transaction_id,
        rs1_0.triggered_rules 
    from
        risk_scores rs1_0 
    where
        rs1_0.id=?
2026-07-10T01:09:48.978+03:00 DEBUG 42096 --- [banking-transaction-risk-fraud-monitoring] [nio-8081-exec-2] org.hibernate.SQL                        : 
    select
        bt1_0.id,
        bt1_0.amount,
        bt1_0.channel,
        bt1_0.country,
        bt1_0.created_at,
        bt1_0.currency,
        bt1_0.customer_id,
        bt1_0.destination_account_id,
        bt1_0.device_id,
        bt1_0.ip_address,
        bt1_0.merchant_category,
        bt1_0.source_account_id,
        bt1_0.status,
        bt1_0.transaction_id,
        bt1_0.transaction_type 
    from
        banking_transactions bt1_0 
    where
        bt1_0.id=?
Hibernate: 
    select
        bt1_0.id,
        bt1_0.amount,
        bt1_0.channel,
        bt1_0.country,
        bt1_0.created_at,
        bt1_0.currency,
        bt1_0.customer_id,
        bt1_0.destination_account_id,
        bt1_0.device_id,
        bt1_0.ip_address,
        bt1_0.merchant_category,
        bt1_0.source_account_id,
        bt1_0.status,
        bt1_0.transaction_id,
        bt1_0.transaction_type 
    from
        banking_transactions bt1_0 
    where
        bt1_0.id=?
2026-07-10T01:09:48.979+03:00 DEBUG 42096 --- [banking-transaction-risk-fraud-monitoring] [io-8081-exec-10] org.hibernate.SQL                        : 
    select
        bt1_0.id,
        bt1_0.amount,
        bt1_0.channel,
        bt1_0.country,
        bt1_0.created_at,
        bt1_0.currency,
        bt1_0.customer_id,
        bt1_0.destination_account_id,
        bt1_0.device_id,
        bt1_0.ip_address,
        bt1_0.merchant_category,
        bt1_0.source_account_id,
        bt1_0.status,
        bt1_0.transaction_id,
        bt1_0.transaction_type 
    from
        banking_transactions bt1_0 
    where
        bt1_0.id=?
Hibernate: 
    select
        bt1_0.id,
        bt1_0.amount,
        bt1_0.channel,
        bt1_0.country,
        bt1_0.created_at,
        bt1_0.currency,
        bt1_0.customer_id,
        bt1_0.destination_account_id,
        bt1_0.device_id,
        bt1_0.ip_address,
        bt1_0.merchant_category,
        bt1_0.source_account_id,
        bt1_0.status,
        bt1_0.transaction_id,
        bt1_0.transaction_type 
    from
        banking_transactions bt1_0 
    where
        bt1_0.id=?
2026-07-10T01:09:48.980+03:00 DEBUG 42096 --- [banking-transaction-risk-fraud-monitoring] [io-8081-exec-10] org.hibernate.SQL                        : 
    select
        rs1_0.id,
        rs1_0.created_at,
        rs1_0.explanation,
        rs1_0.final_score,
        rs1_0.ml_explanation,
        rs1_0.ml_score,
        rs1_0.risk_level,
        rs1_0.rule_score,
        rs1_0.scoring_source,
        rs1_0.transaction_id,
        rs1_0.triggered_rules 
    from
        risk_scores rs1_0 
    where
        rs1_0.id=?
Hibernate: 
    select
        rs1_0.id,
        rs1_0.created_at,
        rs1_0.explanation,
        rs1_0.final_score,
        rs1_0.ml_explanation,
        rs1_0.ml_score,
        rs1_0.risk_level,
        rs1_0.rule_score,
        rs1_0.scoring_source,
        rs1_0.transaction_id,
        rs1_0.triggered_rules 
    from
        risk_scores rs1_0 
    where
        rs1_0.id=?
2026-07-10T01:09:48.980+03:00 DEBUG 42096 --- [banking-transaction-risk-fraud-monitoring] [nio-8081-exec-2] org.hibernate.SQL                        : 
    select
        rs1_0.id,
        rs1_0.created_at,
        rs1_0.explanation,
        rs1_0.final_score,
        rs1_0.ml_explanation,
        rs1_0.ml_score,
        rs1_0.risk_level,
        rs1_0.rule_score,
        rs1_0.scoring_source,
        rs1_0.transaction_id,
        rs1_0.triggered_rules 
    from
        risk_scores rs1_0 
    where
        rs1_0.id=?
Hibernate: 
    select
        rs1_0.id,
        rs1_0.created_at,
        rs1_0.explanation,
        rs1_0.final_score,
        rs1_0.ml_explanation,
        rs1_0.ml_score,
        rs1_0.risk_level,
        rs1_0.rule_score,
        rs1_0.scoring_source,
        rs1_0.transaction_id,
        rs1_0.triggered_rules 
    from
        risk_scores rs1_0 
    where
        rs1_0.id=?
2026-07-10T01:09:49.013+03:00 DEBUG 42096 --- [banking-transaction-risk-fraud-monitoring] [io-8081-exec-10] org.hibernate.SQL                        : 
    select
        bt1_0.id,
        bt1_0.amount,
        bt1_0.channel,
        bt1_0.country,
        bt1_0.created_at,
        bt1_0.currency,
        bt1_0.customer_id,
        bt1_0.destination_account_id,
        bt1_0.device_id,
        bt1_0.ip_address,
        bt1_0.merchant_category,
        bt1_0.source_account_id,
        bt1_0.status,
        bt1_0.transaction_id,
        bt1_0.transaction_type 
    from
        banking_transactions bt1_0 
    where
        bt1_0.id=?
Hibernate: 
    select
        bt1_0.id,
        bt1_0.amount,
        bt1_0.channel,
        bt1_0.country,
        bt1_0.created_at,
        bt1_0.currency,
        bt1_0.customer_id,
        bt1_0.destination_account_id,
        bt1_0.device_id,
        bt1_0.ip_address,
        bt1_0.merchant_category,
        bt1_0.source_account_id,
        bt1_0.status,
        bt1_0.transaction_id,
        bt1_0.transaction_type 
    from
        banking_transactions bt1_0 
    where
        bt1_0.id=?
2026-07-10T01:09:49.013+03:00 DEBUG 42096 --- [banking-transaction-risk-fraud-monitoring] [nio-8081-exec-2] org.hibernate.SQL                        : 
    select
        bt1_0.id,
        bt1_0.amount,
        bt1_0.channel,
        bt1_0.country,
        bt1_0.created_at,
        bt1_0.currency,
        bt1_0.customer_id,
        bt1_0.destination_account_id,
        bt1_0.device_id,
        bt1_0.ip_address,
        bt1_0.merchant_category,
        bt1_0.source_account_id,
        bt1_0.status,
        bt1_0.transaction_id,
        bt1_0.transaction_type 
    from
        banking_transactions bt1_0 
    where
        bt1_0.id=?
Hibernate: 
    select
        bt1_0.id,
        bt1_0.amount,
        bt1_0.channel,
        bt1_0.country,
        bt1_0.created_at,
        bt1_0.currency,
        bt1_0.customer_id,
        bt1_0.destination_account_id,
        bt1_0.device_id,
        bt1_0.ip_address,
        bt1_0.merchant_category,
        bt1_0.source_account_id,
        bt1_0.status,
        bt1_0.transaction_id,
        bt1_0.transaction_type 
    from
        banking_transactions bt1_0 
    where
        bt1_0.id=?
2026-07-10T01:09:49.015+03:00 DEBUG 42096 --- [banking-transaction-risk-fraud-monitoring] [nio-8081-exec-2] org.hibernate.SQL                        : 
    select
        rs1_0.id,
        rs1_0.created_at,
        rs1_0.explanation,
        rs1_0.final_score,
        rs1_0.ml_explanation,
        rs1_0.ml_score,
        rs1_0.risk_level,
        rs1_0.rule_score,
        rs1_0.scoring_source,
        rs1_0.transaction_id,
        rs1_0.triggered_rules 
    from
        risk_scores rs1_0 
    where
        rs1_0.id=?
Hibernate: 
    select
        rs1_0.id,
        rs1_0.created_at,
        rs1_0.explanation,
        rs1_0.final_score,
        rs1_0.ml_explanation,
        rs1_0.ml_score,
        rs1_0.risk_level,
        rs1_0.rule_score,
        rs1_0.scoring_source,
        rs1_0.transaction_id,
        rs1_0.triggered_rules 
    from
        risk_scores rs1_0 
    where
        rs1_0.id=?
2026-07-10T01:09:49.015+03:00 DEBUG 42096 --- [banking-transaction-risk-fraud-monitoring] [io-8081-exec-10] org.hibernate.SQL                        : 
    select
        rs1_0.id,
        rs1_0.created_at,
        rs1_0.explanation,
        rs1_0.final_score,
        rs1_0.ml_explanation,
        rs1_0.ml_score,
        rs1_0.risk_level,
        rs1_0.rule_score,
        rs1_0.scoring_source,
        rs1_0.transaction_id,
        rs1_0.triggered_rules 
    from
        risk_scores rs1_0 
    where
        rs1_0.id=?
Hibernate: 
    select
        rs1_0.id,
        rs1_0.created_at,
        rs1_0.explanation,
        rs1_0.final_score,
        rs1_0.ml_explanation,
        rs1_0.ml_score,
        rs1_0.risk_level,
        rs1_0.rule_score,
        rs1_0.scoring_source,
        rs1_0.transaction_id,
        rs1_0.triggered_rules 
    from
        risk_scores rs1_0 
    where
        rs1_0.id=?
2026-07-10T01:10:49.975+03:00 DEBUG 42096 --- [banking-transaction-risk-fraud-monitoring] [nio-8081-exec-7] org.hibernate.SQL                        : 
    select
        c1_0.id,
        c1_0.country,
        c1_0.created_at,
        c1_0.customer_id,
        c1_0.email,
        c1_0.full_name,
        c1_0.phone,
        c1_0.risk_level,
        c1_0.status,
        c1_0.updated_at 
    from
        customers c1_0
Hibernate: 
    select
        c1_0.id,
        c1_0.country,
        c1_0.created_at,
        c1_0.customer_id,
        c1_0.email,
        c1_0.full_name,
        c1_0.phone,
        c1_0.risk_level,
        c1_0.status,
        c1_0.updated_at 
    from
        customers c1_0
2026-07-10T01:10:49.975+03:00 DEBUG 42096 --- [banking-transaction-risk-fraud-monitoring] [nio-8081-exec-6] org.hibernate.SQL                        : 
    select
        c1_0.id,
        c1_0.country,
        c1_0.created_at,
        c1_0.customer_id,
        c1_0.email,
        c1_0.full_name,
        c1_0.phone,
        c1_0.risk_level,
        c1_0.status,
        c1_0.updated_at 
    from
        customers c1_0
Hibernate: 
    select
        c1_0.id,
        c1_0.country,
        c1_0.created_at,
        c1_0.customer_id,
        c1_0.email,
        c1_0.full_name,
        c1_0.phone,
        c1_0.risk_level,
        c1_0.status,
        c1_0.updated_at 
    from
        customers c1_0
2026-07-10T01:11:26.189+03:00 DEBUG 42096 --- [banking-transaction-risk-fraud-monitoring] [nio-8081-exec-3] org.hibernate.SQL                        : 
    select
        fa1_0.id,
        fa1_0.alert_id,
        fa1_0.alert_type,
        fa1_0.assigned_to,
        fa1_0.created_at,
        fa1_0.customer_id,
        fa1_0.message,
        fa1_0.priority,
        fa1_0.resolved_at,
        fa1_0.risk_score_id,
        fa1_0.status,
        fa1_0.transaction_id,
        fa1_0.updated_at 
    from
        fraud_alerts fa1_0
Hibernate: 
    select
        fa1_0.id,
        fa1_0.alert_id,
        fa1_0.alert_type,
        fa1_0.assigned_to,
        fa1_0.created_at,
        fa1_0.customer_id,
        fa1_0.message,
        fa1_0.priority,
        fa1_0.resolved_at,
        fa1_0.risk_score_id,
        fa1_0.status,
        fa1_0.transaction_id,
        fa1_0.updated_at 
    from
        fraud_alerts fa1_0
2026-07-10T01:11:26.197+03:00 DEBUG 42096 --- [banking-transaction-risk-fraud-monitoring] [nio-8081-exec-3] org.hibernate.SQL                        : 
    select
        bt1_0.id,
        bt1_0.amount,
        bt1_0.channel,
        bt1_0.country,
        bt1_0.created_at,
        bt1_0.currency,
        bt1_0.customer_id,
        bt1_0.destination_account_id,
        bt1_0.device_id,
        bt1_0.ip_address,
        bt1_0.merchant_category,
        bt1_0.source_account_id,
        bt1_0.status,
        bt1_0.transaction_id,
        bt1_0.transaction_type 
    from
        banking_transactions bt1_0 
    where
        bt1_0.id=?
Hibernate: 
    select
        bt1_0.id,
        bt1_0.amount,
        bt1_0.channel,
        bt1_0.country,
        bt1_0.created_at,
        bt1_0.currency,
        bt1_0.customer_id,
        bt1_0.destination_account_id,
        bt1_0.device_id,
        bt1_0.ip_address,
        bt1_0.merchant_category,
        bt1_0.source_account_id,
        bt1_0.status,
        bt1_0.transaction_id,
        bt1_0.transaction_type 
    from
        banking_transactions bt1_0 
    where
        bt1_0.id=?
2026-07-10T01:11:26.202+03:00 DEBUG 42096 --- [banking-transaction-risk-fraud-monitoring] [nio-8081-exec-3] org.hibernate.SQL                        : 
    select
        c1_0.id,
        c1_0.country,
        c1_0.created_at,
        c1_0.customer_id,
        c1_0.email,
        c1_0.full_name,
        c1_0.phone,
        c1_0.risk_level,
        c1_0.status,
        c1_0.updated_at 
    from
        customers c1_0 
    where
        c1_0.id=?
Hibernate: 
    select
        c1_0.id,
        c1_0.country,
        c1_0.created_at,
        c1_0.customer_id,
        c1_0.email,
        c1_0.full_name,
        c1_0.phone,
        c1_0.risk_level,
        c1_0.status,
        c1_0.updated_at 
    from
        customers c1_0 
    where
        c1_0.id=?
2026-07-10T01:11:26.206+03:00 DEBUG 42096 --- [banking-transaction-risk-fraud-monitoring] [nio-8081-exec-3] org.hibernate.SQL                        : 
    select
        rs1_0.id,
        rs1_0.created_at,
        rs1_0.explanation,
        rs1_0.final_score,
        rs1_0.ml_explanation,
        rs1_0.ml_score,
        rs1_0.risk_level,
        rs1_0.rule_score,
        rs1_0.scoring_source,
        rs1_0.transaction_id,
        rs1_0.triggered_rules 
    from
        risk_scores rs1_0 
    where
        rs1_0.id=?
Hibernate: 
    select
        rs1_0.id,
        rs1_0.created_at,
        rs1_0.explanation,
        rs1_0.final_score,
        rs1_0.ml_explanation,
        rs1_0.ml_score,
        rs1_0.risk_level,
        rs1_0.rule_score,
        rs1_0.scoring_source,
        rs1_0.transaction_id,
        rs1_0.triggered_rules 
    from
        risk_scores rs1_0 
    where
        rs1_0.id=?
2026-07-10T01:11:26.294+03:00 DEBUG 42096 --- [banking-transaction-risk-fraud-monitoring] [nio-8081-exec-3] org.hibernate.SQL                        : 
    select
        bt1_0.id,
        bt1_0.amount,
        bt1_0.channel,
        bt1_0.country,
        bt1_0.created_at,
        bt1_0.currency,
        bt1_0.customer_id,
        bt1_0.destination_account_id,
        bt1_0.device_id,
        bt1_0.ip_address,
        bt1_0.merchant_category,
        bt1_0.source_account_id,
        bt1_0.status,
        bt1_0.transaction_id,
        bt1_0.transaction_type 
    from
        banking_transactions bt1_0 
    where
        bt1_0.id=?
Hibernate: 
    select
        bt1_0.id,
        bt1_0.amount,
        bt1_0.channel,
        bt1_0.country,
        bt1_0.created_at,
        bt1_0.currency,
        bt1_0.customer_id,
        bt1_0.destination_account_id,
        bt1_0.device_id,
        bt1_0.ip_address,
        bt1_0.merchant_category,
        bt1_0.source_account_id,
        bt1_0.status,
        bt1_0.transaction_id,
        bt1_0.transaction_type 
    from
        banking_transactions bt1_0 
    where
        bt1_0.id=?
2026-07-10T01:11:26.299+03:00 DEBUG 42096 --- [banking-transaction-risk-fraud-monitoring] [nio-8081-exec-3] org.hibernate.SQL                        : 
    select
        rs1_0.id,
        rs1_0.created_at,
        rs1_0.explanation,
        rs1_0.final_score,
        rs1_0.ml_explanation,
        rs1_0.ml_score,
        rs1_0.risk_level,
        rs1_0.rule_score,
        rs1_0.scoring_source,
        rs1_0.transaction_id,
        rs1_0.triggered_rules 
    from
        risk_scores rs1_0 
    where
        rs1_0.id=?
Hibernate: 
    select
        rs1_0.id,
        rs1_0.created_at,
        rs1_0.explanation,
        rs1_0.final_score,
        rs1_0.ml_explanation,
        rs1_0.ml_score,
        rs1_0.risk_level,
        rs1_0.rule_score,
        rs1_0.scoring_source,
        rs1_0.transaction_id,
        rs1_0.triggered_rules 
    from
        risk_scores rs1_0 
    where
        rs1_0.id=?
2026-07-10T01:11:26.326+03:00 DEBUG 42096 --- [banking-transaction-risk-fraud-monitoring] [nio-8081-exec-5] org.hibernate.SQL                        : 
    select
        fa1_0.id,
        fa1_0.alert_id,
        fa1_0.alert_type,
        fa1_0.assigned_to,
        fa1_0.created_at,
        fa1_0.customer_id,
        fa1_0.message,
        fa1_0.priority,
        fa1_0.resolved_at,
        fa1_0.risk_score_id,
        fa1_0.status,
        fa1_0.transaction_id,
        fa1_0.updated_at 
    from
        fraud_alerts fa1_0
Hibernate: 
    select
        fa1_0.id,
        fa1_0.alert_id,
        fa1_0.alert_type,
        fa1_0.assigned_to,
        fa1_0.created_at,
        fa1_0.customer_id,
        fa1_0.message,
        fa1_0.priority,
        fa1_0.resolved_at,
        fa1_0.risk_score_id,
        fa1_0.status,
        fa1_0.transaction_id,
        fa1_0.updated_at 
    from
        fraud_alerts fa1_0
2026-07-10T01:11:26.332+03:00 DEBUG 42096 --- [banking-transaction-risk-fraud-monitoring] [nio-8081-exec-5] org.hibernate.SQL                        : 
    select
        bt1_0.id,
        bt1_0.amount,
        bt1_0.channel,
        bt1_0.country,
        bt1_0.created_at,
        bt1_0.currency,
        bt1_0.customer_id,
        bt1_0.destination_account_id,
        bt1_0.device_id,
        bt1_0.ip_address,
        bt1_0.merchant_category,
        bt1_0.source_account_id,
        bt1_0.status,
        bt1_0.transaction_id,
        bt1_0.transaction_type 
    from
        banking_transactions bt1_0 
    where
        bt1_0.id=?
Hibernate: 
    select
        bt1_0.id,
        bt1_0.amount,
        bt1_0.channel,
        bt1_0.country,
        bt1_0.created_at,
        bt1_0.currency,
        bt1_0.customer_id,
        bt1_0.destination_account_id,
        bt1_0.device_id,
        bt1_0.ip_address,
        bt1_0.merchant_category,
        bt1_0.source_account_id,
        bt1_0.status,
        bt1_0.transaction_id,
        bt1_0.transaction_type 
    from
        banking_transactions bt1_0 
    where
        bt1_0.id=?
2026-07-10T01:11:26.339+03:00 DEBUG 42096 --- [banking-transaction-risk-fraud-monitoring] [nio-8081-exec-5] org.hibernate.SQL                        : 
    select
        c1_0.id,
        c1_0.country,
        c1_0.created_at,
        c1_0.customer_id,
        c1_0.email,
        c1_0.full_name,
        c1_0.phone,
        c1_0.risk_level,
        c1_0.status,
        c1_0.updated_at 
    from
        customers c1_0 
    where
        c1_0.id=?
Hibernate: 
    select
        c1_0.id,
        c1_0.country,
        c1_0.created_at,
        c1_0.customer_id,
        c1_0.email,
        c1_0.full_name,
        c1_0.phone,
        c1_0.risk_level,
        c1_0.status,
        c1_0.updated_at 
    from
        customers c1_0 
    where
        c1_0.id=?
2026-07-10T01:11:26.343+03:00 DEBUG 42096 --- [banking-transaction-risk-fraud-monitoring] [nio-8081-exec-5] org.hibernate.SQL                        : 
    select
        rs1_0.id,
        rs1_0.created_at,
        rs1_0.explanation,
        rs1_0.final_score,
        rs1_0.ml_explanation,
        rs1_0.ml_score,
        rs1_0.risk_level,
        rs1_0.rule_score,
        rs1_0.scoring_source,
        rs1_0.transaction_id,
        rs1_0.triggered_rules 
    from
        risk_scores rs1_0 
    where
        rs1_0.id=?
Hibernate: 
    select
        rs1_0.id,
        rs1_0.created_at,
        rs1_0.explanation,
        rs1_0.final_score,
        rs1_0.ml_explanation,
        rs1_0.ml_score,
        rs1_0.risk_level,
        rs1_0.rule_score,
        rs1_0.scoring_source,
        rs1_0.transaction_id,
        rs1_0.triggered_rules 
    from
        risk_scores rs1_0 
    where
        rs1_0.id=?
2026-07-10T01:11:26.348+03:00 DEBUG 42096 --- [banking-transaction-risk-fraud-monitoring] [nio-8081-exec-3] org.hibernate.SQL                        : 
    select
        bt1_0.id,
        bt1_0.amount,
        bt1_0.channel,
        bt1_0.country,
        bt1_0.created_at,
        bt1_0.currency,
        bt1_0.customer_id,
        bt1_0.destination_account_id,
        bt1_0.device_id,
        bt1_0.ip_address,
        bt1_0.merchant_category,
        bt1_0.source_account_id,
        bt1_0.status,
        bt1_0.transaction_id,
        bt1_0.transaction_type 
    from
        banking_transactions bt1_0 
    where
        bt1_0.id=?
Hibernate: 
    select
        bt1_0.id,
        bt1_0.amount,
        bt1_0.channel,
        bt1_0.country,
        bt1_0.created_at,
        bt1_0.currency,
        bt1_0.customer_id,
        bt1_0.destination_account_id,
        bt1_0.device_id,
        bt1_0.ip_address,
        bt1_0.merchant_category,
        bt1_0.source_account_id,
        bt1_0.status,
        bt1_0.transaction_id,
        bt1_0.transaction_type 
    from
        banking_transactions bt1_0 
    where
        bt1_0.id=?
2026-07-10T01:11:26.351+03:00 DEBUG 42096 --- [banking-transaction-risk-fraud-monitoring] [nio-8081-exec-3] org.hibernate.SQL                        : 
    select
        c1_0.id,
        c1_0.country,
        c1_0.created_at,
        c1_0.customer_id,
        c1_0.email,
        c1_0.full_name,
        c1_0.phone,
        c1_0.risk_level,
        c1_0.status,
        c1_0.updated_at 
    from
        customers c1_0 
    where
        c1_0.id=?
Hibernate: 
    select
        c1_0.id,
        c1_0.country,
        c1_0.created_at,
        c1_0.customer_id,
        c1_0.email,
        c1_0.full_name,
        c1_0.phone,
        c1_0.risk_level,
        c1_0.status,
        c1_0.updated_at 
    from
        customers c1_0 
    where
        c1_0.id=?
2026-07-10T01:11:26.354+03:00 DEBUG 42096 --- [banking-transaction-risk-fraud-monitoring] [nio-8081-exec-3] org.hibernate.SQL                        : 
    select
        rs1_0.id,
        rs1_0.created_at,
        rs1_0.explanation,
        rs1_0.final_score,
        rs1_0.ml_explanation,
        rs1_0.ml_score,
        rs1_0.risk_level,
        rs1_0.rule_score,
        rs1_0.scoring_source,
        rs1_0.transaction_id,
        rs1_0.triggered_rules 
    from
        risk_scores rs1_0 
    where
        rs1_0.id=?
Hibernate: 
    select
        rs1_0.id,
        rs1_0.created_at,
        rs1_0.explanation,
        rs1_0.final_score,
        rs1_0.ml_explanation,
        rs1_0.ml_score,
        rs1_0.risk_level,
        rs1_0.rule_score,
        rs1_0.scoring_source,
        rs1_0.transaction_id,
        rs1_0.triggered_rules 
    from
        risk_scores rs1_0 
    where
        rs1_0.id=?
2026-07-10T01:11:26.376+03:00 DEBUG 42096 --- [banking-transaction-risk-fraud-monitoring] [nio-8081-exec-5] org.hibernate.SQL                        : 
    select
        bt1_0.id,
        bt1_0.amount,
        bt1_0.channel,
        bt1_0.country,
        bt1_0.created_at,
        bt1_0.currency,
        bt1_0.customer_id,
        bt1_0.destination_account_id,
        bt1_0.device_id,
        bt1_0.ip_address,
        bt1_0.merchant_category,
        bt1_0.source_account_id,
        bt1_0.status,
        bt1_0.transaction_id,
        bt1_0.transaction_type 
    from
        banking_transactions bt1_0 
    where
        bt1_0.id=?
Hibernate: 
    select
        bt1_0.id,
        bt1_0.amount,
        bt1_0.channel,
        bt1_0.country,
        bt1_0.created_at,
        bt1_0.currency,
        bt1_0.customer_id,
        bt1_0.destination_account_id,
        bt1_0.device_id,
        bt1_0.ip_address,
        bt1_0.merchant_category,
        bt1_0.source_account_id,
        bt1_0.status,
        bt1_0.transaction_id,
        bt1_0.transaction_type 
    from
        banking_transactions bt1_0 
    where
        bt1_0.id=?
2026-07-10T01:11:26.378+03:00 DEBUG 42096 --- [banking-transaction-risk-fraud-monitoring] [nio-8081-exec-5] org.hibernate.SQL                        : 
    select
        rs1_0.id,
        rs1_0.created_at,
        rs1_0.explanation,
        rs1_0.final_score,
        rs1_0.ml_explanation,
        rs1_0.ml_score,
        rs1_0.risk_level,
        rs1_0.rule_score,
        rs1_0.scoring_source,
        rs1_0.transaction_id,
        rs1_0.triggered_rules 
    from
        risk_scores rs1_0 
    where
        rs1_0.id=?
Hibernate: 
    select
        rs1_0.id,
        rs1_0.created_at,
        rs1_0.explanation,
        rs1_0.final_score,
        rs1_0.ml_explanation,
        rs1_0.ml_score,
        rs1_0.risk_level,
        rs1_0.rule_score,
        rs1_0.scoring_source,
        rs1_0.transaction_id,
        rs1_0.triggered_rules 
    from
        risk_scores rs1_0 
    where
        rs1_0.id=?
2026-07-10T01:11:26.384+03:00 DEBUG 42096 --- [banking-transaction-risk-fraud-monitoring] [nio-8081-exec-3] org.hibernate.SQL                        : 
    select
        bt1_0.id,
        bt1_0.amount,
        bt1_0.channel,
        bt1_0.country,
        bt1_0.created_at,
        bt1_0.currency,
        bt1_0.customer_id,
        bt1_0.destination_account_id,
        bt1_0.device_id,
        bt1_0.ip_address,
        bt1_0.merchant_category,
        bt1_0.source_account_id,
        bt1_0.status,
        bt1_0.transaction_id,
        bt1_0.transaction_type 
    from
        banking_transactions bt1_0 
    where
        bt1_0.id=?
Hibernate: 
    select
        bt1_0.id,
        bt1_0.amount,
        bt1_0.channel,
        bt1_0.country,
        bt1_0.created_at,
        bt1_0.currency,
        bt1_0.customer_id,
        bt1_0.destination_account_id,
        bt1_0.device_id,
        bt1_0.ip_address,
        bt1_0.merchant_category,
        bt1_0.source_account_id,
        bt1_0.status,
        bt1_0.transaction_id,
        bt1_0.transaction_type 
    from
        banking_transactions bt1_0 
    where
        bt1_0.id=?
2026-07-10T01:11:26.387+03:00 DEBUG 42096 --- [banking-transaction-risk-fraud-monitoring] [nio-8081-exec-3] org.hibernate.SQL                        : 
    select
        c1_0.id,
        c1_0.country,
        c1_0.created_at,
        c1_0.customer_id,
        c1_0.email,
        c1_0.full_name,
        c1_0.phone,
        c1_0.risk_level,
        c1_0.status,
        c1_0.updated_at 
    from
        customers c1_0 
    where
        c1_0.id=?
Hibernate: 
    select
        c1_0.id,
        c1_0.country,
        c1_0.created_at,
        c1_0.customer_id,
        c1_0.email,
        c1_0.full_name,
        c1_0.phone,
        c1_0.risk_level,
        c1_0.status,
        c1_0.updated_at 
    from
        customers c1_0 
    where
        c1_0.id=?
2026-07-10T01:11:26.389+03:00 DEBUG 42096 --- [banking-transaction-risk-fraud-monitoring] [nio-8081-exec-3] org.hibernate.SQL                        : 
    select
        rs1_0.id,
        rs1_0.created_at,
        rs1_0.explanation,
        rs1_0.final_score,
        rs1_0.ml_explanation,
        rs1_0.ml_score,
        rs1_0.risk_level,
        rs1_0.rule_score,
        rs1_0.scoring_source,
        rs1_0.transaction_id,
        rs1_0.triggered_rules 
    from
        risk_scores rs1_0 
    where
        rs1_0.id=?
Hibernate: 
    select
        rs1_0.id,
        rs1_0.created_at,
        rs1_0.explanation,
        rs1_0.final_score,
        rs1_0.ml_explanation,
        rs1_0.ml_score,
        rs1_0.risk_level,
        rs1_0.rule_score,
        rs1_0.scoring_source,
        rs1_0.transaction_id,
        rs1_0.triggered_rules 
    from
        risk_scores rs1_0 
    where
        rs1_0.id=?
2026-07-10T01:11:26.400+03:00 DEBUG 42096 --- [banking-transaction-risk-fraud-monitoring] [nio-8081-exec-5] org.hibernate.SQL                        : 
    select
        bt1_0.id,
        bt1_0.amount,
        bt1_0.channel,
        bt1_0.country,
        bt1_0.created_at,
        bt1_0.currency,
        bt1_0.customer_id,
        bt1_0.destination_account_id,
        bt1_0.device_id,
        bt1_0.ip_address,
        bt1_0.merchant_category,
        bt1_0.source_account_id,
        bt1_0.status,
        bt1_0.transaction_id,
        bt1_0.transaction_type 
    from
        banking_transactions bt1_0 
    where
        bt1_0.id=?
Hibernate: 
    select
        bt1_0.id,
        bt1_0.amount,
        bt1_0.channel,
        bt1_0.country,
        bt1_0.created_at,
        bt1_0.currency,
        bt1_0.customer_id,
        bt1_0.destination_account_id,
        bt1_0.device_id,
        bt1_0.ip_address,
        bt1_0.merchant_category,
        bt1_0.source_account_id,
        bt1_0.status,
        bt1_0.transaction_id,
        bt1_0.transaction_type 
    from
        banking_transactions bt1_0 
    where
        bt1_0.id=?
2026-07-10T01:11:26.404+03:00 DEBUG 42096 --- [banking-transaction-risk-fraud-monitoring] [nio-8081-exec-5] org.hibernate.SQL                        : 
    select
        c1_0.id,
        c1_0.country,
        c1_0.created_at,
        c1_0.customer_id,
        c1_0.email,
        c1_0.full_name,
        c1_0.phone,
        c1_0.risk_level,
        c1_0.status,
        c1_0.updated_at 
    from
        customers c1_0 
    where
        c1_0.id=?
Hibernate: 
    select
        c1_0.id,
        c1_0.country,
        c1_0.created_at,
        c1_0.customer_id,
        c1_0.email,
        c1_0.full_name,
        c1_0.phone,
        c1_0.risk_level,
        c1_0.status,
        c1_0.updated_at 
    from
        customers c1_0 
    where
        c1_0.id=?
2026-07-10T01:11:26.409+03:00 DEBUG 42096 --- [banking-transaction-risk-fraud-monitoring] [nio-8081-exec-5] org.hibernate.SQL                        : 
    select
        rs1_0.id,
        rs1_0.created_at,
        rs1_0.explanation,
        rs1_0.final_score,
        rs1_0.ml_explanation,
        rs1_0.ml_score,
        rs1_0.risk_level,
        rs1_0.rule_score,
        rs1_0.scoring_source,
        rs1_0.transaction_id,
        rs1_0.triggered_rules 
    from
        risk_scores rs1_0 
    where
        rs1_0.id=?
Hibernate: 
    select
        rs1_0.id,
        rs1_0.created_at,
        rs1_0.explanation,
        rs1_0.final_score,
        rs1_0.ml_explanation,
        rs1_0.ml_score,
        rs1_0.risk_level,
        rs1_0.rule_score,
        rs1_0.scoring_source,
        rs1_0.transaction_id,
        rs1_0.triggered_rules 
    from
        risk_scores rs1_0 
    where
        rs1_0.id=?
2026-07-10T01:11:26.426+03:00 DEBUG 42096 --- [banking-transaction-risk-fraud-monitoring] [nio-8081-exec-3] org.hibernate.SQL                        : 
    select
        bt1_0.id,
        bt1_0.amount,
        bt1_0.channel,
        bt1_0.country,
        bt1_0.created_at,
        bt1_0.currency,
        bt1_0.customer_id,
        bt1_0.destination_account_id,
        bt1_0.device_id,
        bt1_0.ip_address,
        bt1_0.merchant_category,
        bt1_0.source_account_id,
        bt1_0.status,
        bt1_0.transaction_id,
        bt1_0.transaction_type 
    from
        banking_transactions bt1_0 
    where
        bt1_0.id=?
Hibernate: 
    select
        bt1_0.id,
        bt1_0.amount,
        bt1_0.channel,
        bt1_0.country,
        bt1_0.created_at,
        bt1_0.currency,
        bt1_0.customer_id,
        bt1_0.destination_account_id,
        bt1_0.device_id,
        bt1_0.ip_address,
        bt1_0.merchant_category,
        bt1_0.source_account_id,
        bt1_0.status,
        bt1_0.transaction_id,
        bt1_0.transaction_type 
    from
        banking_transactions bt1_0 
    where
        bt1_0.id=?
2026-07-10T01:11:26.437+03:00 DEBUG 42096 --- [banking-transaction-risk-fraud-monitoring] [nio-8081-exec-3] org.hibernate.SQL                        : 
    select
        rs1_0.id,
        rs1_0.created_at,
        rs1_0.explanation,
        rs1_0.final_score,
        rs1_0.ml_explanation,
        rs1_0.ml_score,
        rs1_0.risk_level,
        rs1_0.rule_score,
        rs1_0.scoring_source,
        rs1_0.transaction_id,
        rs1_0.triggered_rules 
    from
        risk_scores rs1_0 
    where
        rs1_0.id=?
Hibernate: 
    select
        rs1_0.id,
        rs1_0.created_at,
        rs1_0.explanation,
        rs1_0.final_score,
        rs1_0.ml_explanation,
        rs1_0.ml_score,
        rs1_0.risk_level,
        rs1_0.rule_score,
        rs1_0.scoring_source,
        rs1_0.transaction_id,
        rs1_0.triggered_rules 
    from
        risk_scores rs1_0 
    where
        rs1_0.id=?
2026-07-10T01:11:26.503+03:00 DEBUG 42096 --- [banking-transaction-risk-fraud-monitoring] [nio-8081-exec-5] org.hibernate.SQL                        : 
    select
        bt1_0.id,
        bt1_0.amount,
        bt1_0.channel,
        bt1_0.country,
        bt1_0.created_at,
        bt1_0.currency,
        bt1_0.customer_id,
        bt1_0.destination_account_id,
        bt1_0.device_id,
        bt1_0.ip_address,
        bt1_0.merchant_category,
        bt1_0.source_account_id,
        bt1_0.status,
        bt1_0.transaction_id,
        bt1_0.transaction_type 
    from
        banking_transactions bt1_0 
    where
        bt1_0.id=?
Hibernate: 
    select
        bt1_0.id,
        bt1_0.amount,
        bt1_0.channel,
        bt1_0.country,
        bt1_0.created_at,
        bt1_0.currency,
        bt1_0.customer_id,
        bt1_0.destination_account_id,
        bt1_0.device_id,
        bt1_0.ip_address,
        bt1_0.merchant_category,
        bt1_0.source_account_id,
        bt1_0.status,
        bt1_0.transaction_id,
        bt1_0.transaction_type 
    from
        banking_transactions bt1_0 
    where
        bt1_0.id=?
2026-07-10T01:11:26.510+03:00 DEBUG 42096 --- [banking-transaction-risk-fraud-monitoring] [nio-8081-exec-5] org.hibernate.SQL                        : 
    select
        c1_0.id,
        c1_0.country,
        c1_0.created_at,
        c1_0.customer_id,
        c1_0.email,
        c1_0.full_name,
        c1_0.phone,
        c1_0.risk_level,
        c1_0.status,
        c1_0.updated_at 
    from
        customers c1_0 
    where
        c1_0.id=?
Hibernate: 
    select
        c1_0.id,
        c1_0.country,
        c1_0.created_at,
        c1_0.customer_id,
        c1_0.email,
        c1_0.full_name,
        c1_0.phone,
        c1_0.risk_level,
        c1_0.status,
        c1_0.updated_at 
    from
        customers c1_0 
    where
        c1_0.id=?
2026-07-10T01:11:26.516+03:00 DEBUG 42096 --- [banking-transaction-risk-fraud-monitoring] [nio-8081-exec-5] org.hibernate.SQL                        : 
    select
        rs1_0.id,
        rs1_0.created_at,
        rs1_0.explanation,
        rs1_0.final_score,
        rs1_0.ml_explanation,
        rs1_0.ml_score,
        rs1_0.risk_level,
        rs1_0.rule_score,
        rs1_0.scoring_source,
        rs1_0.transaction_id,
        rs1_0.triggered_rules 
    from
        risk_scores rs1_0 
    where
        rs1_0.id=?
Hibernate: 
    select
        rs1_0.id,
        rs1_0.created_at,
        rs1_0.explanation,
        rs1_0.final_score,
        rs1_0.ml_explanation,
        rs1_0.ml_score,
        rs1_0.risk_level,
        rs1_0.rule_score,
        rs1_0.scoring_source,
        rs1_0.transaction_id,
        rs1_0.triggered_rules 
    from
        risk_scores rs1_0 
    where
        rs1_0.id=?
2026-07-10T01:11:26.548+03:00 DEBUG 42096 --- [banking-transaction-risk-fraud-monitoring] [nio-8081-exec-3] org.hibernate.SQL                        : 
    select
        bt1_0.id,
        bt1_0.amount,
        bt1_0.channel,
        bt1_0.country,
        bt1_0.created_at,
        bt1_0.currency,
        bt1_0.customer_id,
        bt1_0.destination_account_id,
        bt1_0.device_id,
        bt1_0.ip_address,
        bt1_0.merchant_category,
        bt1_0.source_account_id,
        bt1_0.status,
        bt1_0.transaction_id,
        bt1_0.transaction_type 
    from
        banking_transactions bt1_0 
    where
        bt1_0.id=?
Hibernate: 
    select
        bt1_0.id,
        bt1_0.amount,
        bt1_0.channel,
        bt1_0.country,
        bt1_0.created_at,
        bt1_0.currency,
        bt1_0.customer_id,
        bt1_0.destination_account_id,
        bt1_0.device_id,
        bt1_0.ip_address,
        bt1_0.merchant_category,
        bt1_0.source_account_id,
        bt1_0.status,
        bt1_0.transaction_id,
        bt1_0.transaction_type 
    from
        banking_transactions bt1_0 
    where
        bt1_0.id=?
2026-07-10T01:11:26.558+03:00 DEBUG 42096 --- [banking-transaction-risk-fraud-monitoring] [nio-8081-exec-3] org.hibernate.SQL                        : 
    select
        rs1_0.id,
        rs1_0.created_at,
        rs1_0.explanation,
        rs1_0.final_score,
        rs1_0.ml_explanation,
        rs1_0.ml_score,
        rs1_0.risk_level,
        rs1_0.rule_score,
        rs1_0.scoring_source,
        rs1_0.transaction_id,
        rs1_0.triggered_rules 
    from
        risk_scores rs1_0 
    where
        rs1_0.id=?
Hibernate: 
    select
        rs1_0.id,
        rs1_0.created_at,
        rs1_0.explanation,
        rs1_0.final_score,
        rs1_0.ml_explanation,
        rs1_0.ml_score,
        rs1_0.risk_level,
        rs1_0.rule_score,
        rs1_0.scoring_source,
        rs1_0.transaction_id,
        rs1_0.triggered_rules 
    from
        risk_scores rs1_0 
    where
        rs1_0.id=?
2026-07-10T01:11:27.262+03:00 DEBUG 42096 --- [banking-transaction-risk-fraud-monitoring] [nio-8081-exec-5] org.hibernate.SQL                        : 
    select
        bt1_0.id,
        bt1_0.amount,
        bt1_0.channel,
        bt1_0.country,
        bt1_0.created_at,
        bt1_0.currency,
        bt1_0.customer_id,
        bt1_0.destination_account_id,
        bt1_0.device_id,
        bt1_0.ip_address,
        bt1_0.merchant_category,
        bt1_0.source_account_id,
        bt1_0.status,
        bt1_0.transaction_id,
        bt1_0.transaction_type 
    from
        banking_transactions bt1_0 
    where
        bt1_0.id=?
Hibernate: 
    select
        bt1_0.id,
        bt1_0.amount,
        bt1_0.channel,
        bt1_0.country,
        bt1_0.created_at,
        bt1_0.currency,
        bt1_0.customer_id,
        bt1_0.destination_account_id,
        bt1_0.device_id,
        bt1_0.ip_address,
        bt1_0.merchant_category,
        bt1_0.source_account_id,
        bt1_0.status,
        bt1_0.transaction_id,
        bt1_0.transaction_type 
    from
        banking_transactions bt1_0 
    where
        bt1_0.id=?
2026-07-10T01:11:27.265+03:00 DEBUG 42096 --- [banking-transaction-risk-fraud-monitoring] [nio-8081-exec-5] org.hibernate.SQL                        : 
    select
        rs1_0.id,
        rs1_0.created_at,
        rs1_0.explanation,
        rs1_0.final_score,
        rs1_0.ml_explanation,
        rs1_0.ml_score,
        rs1_0.risk_level,
        rs1_0.rule_score,
        rs1_0.scoring_source,
        rs1_0.transaction_id,
        rs1_0.triggered_rules 
    from
        risk_scores rs1_0 
    where
        rs1_0.id=?
Hibernate: 
    select
        rs1_0.id,
        rs1_0.created_at,
        rs1_0.explanation,
        rs1_0.final_score,
        rs1_0.ml_explanation,
        rs1_0.ml_score,
        rs1_0.risk_level,
        rs1_0.rule_score,
        rs1_0.scoring_source,
        rs1_0.transaction_id,
        rs1_0.triggered_rules 
    from
        risk_scores rs1_0 
    where
        rs1_0.id=?
2026-07-10T01:11:27.315+03:00 DEBUG 42096 --- [banking-transaction-risk-fraud-monitoring] [nio-8081-exec-3] org.hibernate.SQL                        : 
    select
        bt1_0.id,
        bt1_0.amount,
        bt1_0.channel,
        bt1_0.country,
        bt1_0.created_at,
        bt1_0.currency,
        bt1_0.customer_id,
        bt1_0.destination_account_id,
        bt1_0.device_id,
        bt1_0.ip_address,
        bt1_0.merchant_category,
        bt1_0.source_account_id,
        bt1_0.status,
        bt1_0.transaction_id,
        bt1_0.transaction_type 
    from
        banking_transactions bt1_0 
    where
        bt1_0.id=?
Hibernate: 
    select
        bt1_0.id,
        bt1_0.amount,
        bt1_0.channel,
        bt1_0.country,
        bt1_0.created_at,
        bt1_0.currency,
        bt1_0.customer_id,
        bt1_0.destination_account_id,
        bt1_0.device_id,
        bt1_0.ip_address,
        bt1_0.merchant_category,
        bt1_0.source_account_id,
        bt1_0.status,
        bt1_0.transaction_id,
        bt1_0.transaction_type 
    from
        banking_transactions bt1_0 
    where
        bt1_0.id=?
2026-07-10T01:11:27.322+03:00 DEBUG 42096 --- [banking-transaction-risk-fraud-monitoring] [nio-8081-exec-3] org.hibernate.SQL                        : 
    select
        rs1_0.id,
        rs1_0.created_at,
        rs1_0.explanation,
        rs1_0.final_score,
        rs1_0.ml_explanation,
        rs1_0.ml_score,
        rs1_0.risk_level,
        rs1_0.rule_score,
        rs1_0.scoring_source,
        rs1_0.transaction_id,
        rs1_0.triggered_rules 
    from
        risk_scores rs1_0 
    where
        rs1_0.id=?
Hibernate: 
    select
        rs1_0.id,
        rs1_0.created_at,
        rs1_0.explanation,
        rs1_0.final_score,
        rs1_0.ml_explanation,
        rs1_0.ml_score,
        rs1_0.risk_level,
        rs1_0.rule_score,
        rs1_0.scoring_source,
        rs1_0.transaction_id,
        rs1_0.triggered_rules 
    from
        risk_scores rs1_0 
    where
        rs1_0.id=?
2026-07-10T01:11:27.760+03:00 DEBUG 42096 --- [banking-transaction-risk-fraud-monitoring] [nio-8081-exec-5] org.hibernate.SQL                        : 
    select
        bt1_0.id,
        bt1_0.amount,
        bt1_0.channel,
        bt1_0.country,
        bt1_0.created_at,
        bt1_0.currency,
        bt1_0.customer_id,
        bt1_0.destination_account_id,
        bt1_0.device_id,
        bt1_0.ip_address,
        bt1_0.merchant_category,
        bt1_0.source_account_id,
        bt1_0.status,
        bt1_0.transaction_id,
        bt1_0.transaction_type 
    from
        banking_transactions bt1_0 
    where
        bt1_0.id=?
Hibernate: 
    select
        bt1_0.id,
        bt1_0.amount,
        bt1_0.channel,
        bt1_0.country,
        bt1_0.created_at,
        bt1_0.currency,
        bt1_0.customer_id,
        bt1_0.destination_account_id,
        bt1_0.device_id,
        bt1_0.ip_address,
        bt1_0.merchant_category,
        bt1_0.source_account_id,
        bt1_0.status,
        bt1_0.transaction_id,
        bt1_0.transaction_type 
    from
        banking_transactions bt1_0 
    where
        bt1_0.id=?
2026-07-10T01:11:27.873+03:00 DEBUG 42096 --- [banking-transaction-risk-fraud-monitoring] [nio-8081-exec-5] org.hibernate.SQL                        : 
    select
        rs1_0.id,
        rs1_0.created_at,
        rs1_0.explanation,
        rs1_0.final_score,
        rs1_0.ml_explanation,
        rs1_0.ml_score,
        rs1_0.risk_level,
        rs1_0.rule_score,
        rs1_0.scoring_source,
        rs1_0.transaction_id,
        rs1_0.triggered_rules 
    from
        risk_scores rs1_0 
    where
        rs1_0.id=?
Hibernate: 
    select
        rs1_0.id,
        rs1_0.created_at,
        rs1_0.explanation,
        rs1_0.final_score,
        rs1_0.ml_explanation,
        rs1_0.ml_score,
        rs1_0.risk_level,
        rs1_0.rule_score,
        rs1_0.scoring_source,
        rs1_0.transaction_id,
        rs1_0.triggered_rules 
    from
        risk_scores rs1_0 
    where
        rs1_0.id=?
2026-07-10T01:11:28.165+03:00 DEBUG 42096 --- [banking-transaction-risk-fraud-monitoring] [nio-8081-exec-5] org.hibernate.SQL                        : 
    select
        bt1_0.id,
        bt1_0.amount,
        bt1_0.channel,
        bt1_0.country,
        bt1_0.created_at,
        bt1_0.currency,
        bt1_0.customer_id,
        bt1_0.destination_account_id,
        bt1_0.device_id,
        bt1_0.ip_address,
        bt1_0.merchant_category,
        bt1_0.source_account_id,
        bt1_0.status,
        bt1_0.transaction_id,
        bt1_0.transaction_type 
    from
        banking_transactions bt1_0 
    where
        bt1_0.id=?
Hibernate: 
    select
        bt1_0.id,
        bt1_0.amount,
        bt1_0.channel,
        bt1_0.country,
        bt1_0.created_at,
        bt1_0.currency,
        bt1_0.customer_id,
        bt1_0.destination_account_id,
        bt1_0.device_id,
        bt1_0.ip_address,
        bt1_0.merchant_category,
        bt1_0.source_account_id,
        bt1_0.status,
        bt1_0.transaction_id,
        bt1_0.transaction_type 
    from
        banking_transactions bt1_0 
    where
        bt1_0.id=?
2026-07-10T01:11:28.171+03:00 DEBUG 42096 --- [banking-transaction-risk-fraud-monitoring] [nio-8081-exec-5] org.hibernate.SQL                        : 
    select
        rs1_0.id,
        rs1_0.created_at,
        rs1_0.explanation,
        rs1_0.final_score,
        rs1_0.ml_explanation,
        rs1_0.ml_score,
        rs1_0.risk_level,
        rs1_0.rule_score,
        rs1_0.scoring_source,
        rs1_0.transaction_id,
        rs1_0.triggered_rules 
    from
        risk_scores rs1_0 
    where
        rs1_0.id=?
Hibernate: 
    select
        rs1_0.id,
        rs1_0.created_at,
        rs1_0.explanation,
        rs1_0.final_score,
        rs1_0.ml_explanation,
        rs1_0.ml_score,
        rs1_0.risk_level,
        rs1_0.rule_score,
        rs1_0.scoring_source,
        rs1_0.transaction_id,
        rs1_0.triggered_rules 
    from
        risk_scores rs1_0 
    where
        rs1_0.id=?
2026-07-10T01:11:34.568+03:00  INFO 42096 --- [banking-transaction-risk-fraud-monitoring] [   File Watcher] rtingClassPathChangeChangedEventListener : Restarting due to 2 class path changes (0 additions, 2 deletions, 0 modifications)
2026-07-10T01:11:34.579+03:00  INFO 42096 --- [banking-transaction-risk-fraud-monitoring] [       Thread-1] o.s.boot.tomcat.GracefulShutdown         : Commencing graceful shutdown. Waiting for active requests to complete
2026-07-10T01:11:34.599+03:00  INFO 42096 --- [banking-transaction-risk-fraud-monitoring] [tomcat-shutdown] o.s.boot.tomcat.GracefulShutdown         : Graceful shutdown complete
2026-07-10T01:11:34.612+03:00  INFO 42096 --- [banking-transaction-risk-fraud-monitoring] [       Thread-1] j.LocalContainerEntityManagerFactoryBean : Closing JPA EntityManagerFactory for persistence unit 'default'
2026-07-10T01:11:34.617+03:00  INFO 42096 --- [banking-transaction-risk-fraud-monitoring] [       Thread-1] com.zaxxer.hikari.HikariDataSource       : HikariPool-1 - Shutdown initiated...
2026-07-10T01:11:34.621+03:00  INFO 42096 --- [banking-transaction-risk-fraud-monitoring] [       Thread-1] com.zaxxer.hikari.HikariDataSource       : HikariPool-1 - Shutdown completed.

  .   ____          _            __ _ _
 /\\ / ___'_ __ _ _(_)_ __  __ _ \ \ \ \
( ( )\___ | '_ | '_| | '_ \/ _` | \ \ \ \
 \\/  ___)| |_)| | | | | || (_| |  ) ) ) )
  '  |____| .__|_| |_|_| |_\__, | / / / /
 =========|_|==============|___/=/_/_/_/

 :: Spring Boot ::                (v4.1.0)

2026-07-10T01:11:34.791+03:00  INFO 42096 --- [banking-transaction-risk-fraud-monitoring] [  restartedMain] ransactionRiskFraudMonitoringApplication : Starting BankingTransactionRiskFraudMonitoringApplication using Java 21.0.11 with PID 42096 (C:\Users\Owner\IdeaProjects\banking-transaction-risk-fraud-monitoring\target\classes started by Owner in C:\Users\Owner\IdeaProjects\banking-transaction-risk-fraud-monitoring)
2026-07-10T01:11:34.792+03:00 DEBUG 42096 --- [banking-transaction-risk-fraud-monitoring] [  restartedMain] ransactionRiskFraudMonitoringApplication : Running with Spring Boot v4.1.0, Spring v7.0.8
2026-07-10T01:11:34.792+03:00  INFO 42096 --- [banking-transaction-risk-fraud-monitoring] [  restartedMain] ransactionRiskFraudMonitoringApplication : The following 1 profile is active: "dev"
2026-07-10T01:11:34.797+03:00  INFO 42096 --- [banking-transaction-risk-fraud-monitoring] [  restartedMain] .s.b.d.c.l.DockerComposeLifecycleManager : Using Docker Compose file C:\Users\Owner\IdeaProjects\banking-transaction-risk-fraud-monitoring\docker-compose.yml
2026-07-10T01:11:36.680+03:00  INFO 42096 --- [banking-transaction-risk-fraud-monitoring] [  restartedMain] .s.b.d.c.l.DockerComposeLifecycleManager : There are already Docker Compose services running, skipping startup
2026-07-10T01:11:37.261+03:00  INFO 42096 --- [banking-transaction-risk-fraud-monitoring] [  restartedMain] .s.d.r.c.RepositoryConfigurationDelegate : Bootstrapping Spring Data JPA repositories in DEFAULT mode.
2026-07-10T01:11:37.356+03:00  INFO 42096 --- [banking-transaction-risk-fraud-monitoring] [  restartedMain] .s.d.r.c.RepositoryConfigurationDelegate : Finished Spring Data repository scanning in 90 ms. Found 21 JPA repository interfaces.
2026-07-10T01:11:37.734+03:00  INFO 42096 --- [banking-transaction-risk-fraud-monitoring] [  restartedMain] o.s.boot.tomcat.TomcatWebServer          : Tomcat initialized with port 8081 (http)
2026-07-10T01:11:37.737+03:00  INFO 42096 --- [banking-transaction-risk-fraud-monitoring] [  restartedMain] o.apache.catalina.core.StandardService   : Starting service [Tomcat]
2026-07-10T01:11:37.737+03:00  INFO 42096 --- [banking-transaction-risk-fraud-monitoring] [  restartedMain] o.apache.catalina.core.StandardEngine    : Starting Servlet engine: [Apache Tomcat/11.0.22]
2026-07-10T01:11:37.781+03:00  INFO 42096 --- [banking-transaction-risk-fraud-monitoring] [  restartedMain] b.w.c.s.WebApplicationContextInitializer : Root WebApplicationContext: initialization completed in 1100 ms
2026-07-10T01:11:37.904+03:00 DEBUG 42096 --- [banking-transaction-risk-fraud-monitoring] [  restartedMain] o.h.b.security.JwtAuthenticationFilter   : Filter 'jwtAuthenticationFilter' configured for use
2026-07-10T01:11:37.975+03:00  INFO 42096 --- [banking-transaction-risk-fraud-monitoring] [  restartedMain] org.hibernate.orm.jpa                    : HHH008540: Processing PersistenceUnitInfo [name: default]
2026-07-10T01:11:38.019+03:00  INFO 42096 --- [banking-transaction-risk-fraud-monitoring] [  restartedMain] o.s.o.j.p.SpringPersistenceUnitInfo      : No LoadTimeWeaver setup: ignoring JPA class transformer
2026-07-10T01:11:38.020+03:00  INFO 42096 --- [banking-transaction-risk-fraud-monitoring] [  restartedMain] com.zaxxer.hikari.HikariDataSource       : HikariPool-2 - Starting...
2026-07-10T01:11:38.056+03:00  INFO 42096 --- [banking-transaction-risk-fraud-monitoring] [  restartedMain] com.zaxxer.hikari.pool.HikariPool        : HikariPool-2 - Added connection org.postgresql.jdbc.PgConnection@fb8c151
2026-07-10T01:11:38.056+03:00  INFO 42096 --- [banking-transaction-risk-fraud-monitoring] [  restartedMain] com.zaxxer.hikari.HikariDataSource       : HikariPool-2 - Start completed.
2026-07-10T01:11:38.072+03:00  INFO 42096 --- [banking-transaction-risk-fraud-monitoring] [  restartedMain] org.hibernate.orm.connections.pooling    : HHH10001005: Database info:
	Database JDBC URL [jdbc:postgresql://127.0.0.1:5544/fraud_monitoring_db?ApplicationName=banking-transaction-risk-fraud-monitoring]
	Database driver: PostgreSQL JDBC Driver
	Database dialect: PostgreSQLDialect
	Database version: 16.14
	Default catalog/schema: fraud_monitoring_db/public
	Autocommit mode: undefined/unknown
	Isolation level: READ_COMMITTED [default READ_COMMITTED]
	JDBC fetch size: none
	Pool: DataSourceConnectionProvider
	Minimum pool size: undefined/unknown
	Maximum pool size: undefined/unknown
2026-07-10T01:11:38.783+03:00  INFO 42096 --- [banking-transaction-risk-fraud-monitoring] [  restartedMain] org.hibernate.orm.core                   : HHH000489: No JTA platform available (set 'hibernate.transaction.jta.platform' to enable JTA platform integration)
2026-07-10T01:11:38.905+03:00  INFO 42096 --- [banking-transaction-risk-fraud-monitoring] [  restartedMain] j.LocalContainerEntityManagerFactoryBean : Initialized JPA EntityManagerFactory for persistence unit 'default'
2026-07-10T01:11:40.515+03:00  WARN 42096 --- [banking-transaction-risk-fraud-monitoring] [  restartedMain] .s.a.UserDetailsServiceAutoConfiguration : 

Using generated security password: 511b55cf-2e38-4b06-98b0-60318efbf9db

This generated password is for development use only. Your security configuration must be updated before running your application in production.

2026-07-10T01:11:40.519+03:00  INFO 42096 --- [banking-transaction-risk-fraud-monitoring] [  restartedMain] r$InitializeUserDetailsManagerConfigurer : Global AuthenticationManager configured with UserDetailsService bean with name inMemoryUserDetailsManager
2026-07-10T01:11:41.961+03:00  INFO 42096 --- [banking-transaction-risk-fraud-monitoring] [  restartedMain] o.s.b.a.e.web.EndpointLinksResolver      : Exposing 1 endpoint beneath base path '/actuator'
2026-07-10T01:11:42.075+03:00  INFO 42096 --- [banking-transaction-risk-fraud-monitoring] [  restartedMain] o.s.boot.tomcat.TomcatWebServer          : Tomcat started on port 8081 (http) with context path '/'
2026-07-10T01:11:42.085+03:00  INFO 42096 --- [banking-transaction-risk-fraud-monitoring] [  restartedMain] ransactionRiskFraudMonitoringApplication : Started BankingTransactionRiskFraudMonitoringApplication in 7.336 seconds (process running for 169.938)
2026-07-10T01:11:42.098+03:00 DEBUG 42096 --- [banking-transaction-risk-fraud-monitoring] [  restartedMain] org.hibernate.SQL                        : 
    select
        count(*) 
    from
        customers c1_0
Hibernate: 
    select
        count(*) 
    from
        customers c1_0
2026-07-10T01:11:42.165+03:00 DEBUG 42096 --- [banking-transaction-risk-fraud-monitoring] [  restartedMain] org.hibernate.SQL                        : 
    select
        au1_0.id 
    from
        app_users au1_0 
    where
        au1_0.role=? 
    fetch
        first ? rows only
Hibernate: 
    select
        au1_0.id 
    from
        app_users au1_0 
    where
        au1_0.role=? 
    fetch
        first ? rows only
2026-07-10T01:11:42.174+03:00  INFO 42096 --- [banking-transaction-risk-fraud-monitoring] [  restartedMain] .ConditionEvaluationDeltaLoggingListener : Condition evaluation unchanged
2026-07-10T01:11:43.354+03:00  INFO 42096 --- [banking-transaction-risk-fraud-monitoring] [   File Watcher] rtingClassPathChangeChangedEventListener : Restarting due to 2 class path changes (2 additions, 0 deletions, 0 modifications)
2026-07-10T01:11:43.354+03:00  INFO 42096 --- [banking-transaction-risk-fraud-monitoring] [      Thread-17] o.s.boot.tomcat.GracefulShutdown         : Commencing graceful shutdown. Waiting for active requests to complete
2026-07-10T01:11:43.374+03:00  INFO 42096 --- [banking-transaction-risk-fraud-monitoring] [tomcat-shutdown] o.s.boot.tomcat.GracefulShutdown         : Graceful shutdown complete
2026-07-10T01:11:43.385+03:00  INFO 42096 --- [banking-transaction-risk-fraud-monitoring] [      Thread-17] j.LocalContainerEntityManagerFactoryBean : Closing JPA EntityManagerFactory for persistence unit 'default'
2026-07-10T01:11:43.387+03:00  INFO 42096 --- [banking-transaction-risk-fraud-monitoring] [      Thread-17] com.zaxxer.hikari.HikariDataSource       : HikariPool-2 - Shutdown initiated...
2026-07-10T01:11:43.391+03:00  INFO 42096 --- [banking-transaction-risk-fraud-monitoring] [      Thread-17] com.zaxxer.hikari.HikariDataSource       : HikariPool-2 - Shutdown completed.

  .   ____          _            __ _ _
 /\\ / ___'_ __ _ _(_)_ __  __ _ \ \ \ \
( ( )\___ | '_ | '_| | '_ \/ _` | \ \ \ \
 \\/  ___)| |_)| | | | | || (_| |  ) ) ) )
  '  |____| .__|_| |_|_| |_\__, | / / / /
 =========|_|==============|___/=/_/_/_/

 :: Spring Boot ::                (v4.1.0)

2026-07-10T01:11:43.511+03:00  INFO 42096 --- [banking-transaction-risk-fraud-monitoring] [  restartedMain] ransactionRiskFraudMonitoringApplication : Starting BankingTransactionRiskFraudMonitoringApplication using Java 21.0.11 with PID 42096 (C:\Users\Owner\IdeaProjects\banking-transaction-risk-fraud-monitoring\target\classes started by Owner in C:\Users\Owner\IdeaProjects\banking-transaction-risk-fraud-monitoring)
2026-07-10T01:11:43.511+03:00 DEBUG 42096 --- [banking-transaction-risk-fraud-monitoring] [  restartedMain] ransactionRiskFraudMonitoringApplication : Running with Spring Boot v4.1.0, Spring v7.0.8
2026-07-10T01:11:43.511+03:00  INFO 42096 --- [banking-transaction-risk-fraud-monitoring] [  restartedMain] ransactionRiskFraudMonitoringApplication : The following 1 profile is active: "dev"
2026-07-10T01:11:43.528+03:00  INFO 42096 --- [banking-transaction-risk-fraud-monitoring] [  restartedMain] .s.b.d.c.l.DockerComposeLifecycleManager : Using Docker Compose file C:\Users\Owner\IdeaProjects\banking-transaction-risk-fraud-monitoring\docker-compose.yml
2026-07-10T01:11:44.851+03:00  INFO 42096 --- [banking-transaction-risk-fraud-monitoring] [  restartedMain] .s.b.d.c.l.DockerComposeLifecycleManager : There are already Docker Compose services running, skipping startup
2026-07-10T01:11:45.591+03:00  INFO 42096 --- [banking-transaction-risk-fraud-monitoring] [  restartedMain] .s.d.r.c.RepositoryConfigurationDelegate : Bootstrapping Spring Data JPA repositories in DEFAULT mode.
2026-07-10T01:11:45.721+03:00  INFO 42096 --- [banking-transaction-risk-fraud-monitoring] [  restartedMain] .s.d.r.c.RepositoryConfigurationDelegate : Finished Spring Data repository scanning in 125 ms. Found 21 JPA repository interfaces.
2026-07-10T01:11:46.179+03:00  INFO 42096 --- [banking-transaction-risk-fraud-monitoring] [  restartedMain] o.s.boot.tomcat.TomcatWebServer          : Tomcat initialized with port 8081 (http)
2026-07-10T01:11:46.179+03:00  INFO 42096 --- [banking-transaction-risk-fraud-monitoring] [  restartedMain] o.apache.catalina.core.StandardService   : Starting service [Tomcat]
2026-07-10T01:11:46.179+03:00  INFO 42096 --- [banking-transaction-risk-fraud-monitoring] [  restartedMain] o.apache.catalina.core.StandardEngine    : Starting Servlet engine: [Apache Tomcat/11.0.22]
2026-07-10T01:11:46.242+03:00  INFO 42096 --- [banking-transaction-risk-fraud-monitoring] [  restartedMain] b.w.c.s.WebApplicationContextInitializer : Root WebApplicationContext: initialization completed in 1390 ms
2026-07-10T01:11:46.383+03:00 DEBUG 42096 --- [banking-transaction-risk-fraud-monitoring] [  restartedMain] o.h.b.security.JwtAuthenticationFilter   : Filter 'jwtAuthenticationFilter' configured for use
2026-07-10T01:11:46.468+03:00  INFO 42096 --- [banking-transaction-risk-fraud-monitoring] [  restartedMain] org.hibernate.orm.jpa                    : HHH008540: Processing PersistenceUnitInfo [name: default]
2026-07-10T01:11:46.539+03:00  INFO 42096 --- [banking-transaction-risk-fraud-monitoring] [  restartedMain] o.s.o.j.p.SpringPersistenceUnitInfo      : No LoadTimeWeaver setup: ignoring JPA class transformer
2026-07-10T01:11:46.541+03:00  INFO 42096 --- [banking-transaction-risk-fraud-monitoring] [  restartedMain] com.zaxxer.hikari.HikariDataSource       : HikariPool-3 - Starting...
2026-07-10T01:11:46.597+03:00  INFO 42096 --- [banking-transaction-risk-fraud-monitoring] [  restartedMain] com.zaxxer.hikari.pool.HikariPool        : HikariPool-3 - Added connection org.postgresql.jdbc.PgConnection@776dead5
2026-07-10T01:11:46.597+03:00  INFO 42096 --- [banking-transaction-risk-fraud-monitoring] [  restartedMain] com.zaxxer.hikari.HikariDataSource       : HikariPool-3 - Start completed.
2026-07-10T01:11:46.612+03:00  INFO 42096 --- [banking-transaction-risk-fraud-monitoring] [  restartedMain] org.hibernate.orm.connections.pooling    : HHH10001005: Database info:
	Database JDBC URL [jdbc:postgresql://127.0.0.1:5544/fraud_monitoring_db?ApplicationName=banking-transaction-risk-fraud-monitoring]
	Database driver: PostgreSQL JDBC Driver
	Database dialect: PostgreSQLDialect
	Database version: 16.14
	Default catalog/schema: fraud_monitoring_db/public
	Autocommit mode: undefined/unknown
	Isolation level: READ_COMMITTED [default READ_COMMITTED]
	JDBC fetch size: none
	Pool: DataSourceConnectionProvider
	Minimum pool size: undefined/unknown
	Maximum pool size: undefined/unknown
2026-07-10T01:11:47.219+03:00  INFO 42096 --- [banking-transaction-risk-fraud-monitoring] [  restartedMain] org.hibernate.orm.core                   : HHH000489: No JTA platform available (set 'hibernate.transaction.jta.platform' to enable JTA platform integration)
2026-07-10T01:11:47.266+03:00  INFO 42096 --- [banking-transaction-risk-fraud-monitoring] [  restartedMain] j.LocalContainerEntityManagerFactoryBean : Initialized JPA EntityManagerFactory for persistence unit 'default'
2026-07-10T01:11:49.211+03:00  WARN 42096 --- [banking-transaction-risk-fraud-monitoring] [  restartedMain] .s.a.UserDetailsServiceAutoConfiguration : 

Using generated security password: ba9ee932-e638-4b56-ba87-3273048393ed

This generated password is for development use only. Your security configuration must be updated before running your application in production.

2026-07-10T01:11:49.216+03:00  INFO 42096 --- [banking-transaction-risk-fraud-monitoring] [  restartedMain] r$InitializeUserDetailsManagerConfigurer : Global AuthenticationManager configured with UserDetailsService bean with name inMemoryUserDetailsManager
2026-07-10T01:11:50.122+03:00  INFO 42096 --- [banking-transaction-risk-fraud-monitoring] [  restartedMain] o.s.b.a.e.web.EndpointLinksResolver      : Exposing 1 endpoint beneath base path '/actuator'
2026-07-10T01:11:50.194+03:00  INFO 42096 --- [banking-transaction-risk-fraud-monitoring] [  restartedMain] o.s.boot.tomcat.TomcatWebServer          : Tomcat started on port 8081 (http) with context path '/'
2026-07-10T01:11:50.200+03:00  INFO 42096 --- [banking-transaction-risk-fraud-monitoring] [  restartedMain] ransactionRiskFraudMonitoringApplication : Started BankingTransactionRiskFraudMonitoringApplication in 6.727 seconds (process running for 178.054)
2026-07-10T01:11:50.207+03:00 DEBUG 42096 --- [banking-transaction-risk-fraud-monitoring] [  restartedMain] org.hibernate.SQL                        : 
    select
        count(*) 
    from
        customers c1_0
Hibernate: 
    select
        count(*) 
    from
        customers c1_0
2026-07-10T01:11:50.258+03:00 DEBUG 42096 --- [banking-transaction-risk-fraud-monitoring] [  restartedMain] org.hibernate.SQL                        : 
    select
        au1_0.id 
    from
        app_users au1_0 
    where
        au1_0.role=? 
    fetch
        first ? rows only
Hibernate: 
    select
        au1_0.id 
    from
        app_users au1_0 
    where
        au1_0.role=? 
    fetch
        first ? rows only
2026-07-10T01:11:50.264+03:00  INFO 42096 --- [banking-transaction-risk-fraud-monitoring] [  restartedMain] .ConditionEvaluationDeltaLoggingListener : Condition evaluation unchanged
[INFO] ------------------------------------------------------------------------
[INFO] BUILD FAILURE
[INFO] ------------------------------------------------------------------------
[INFO] Total time:  03:44 min
[INFO] Finished at: 2026-07-10T01:12:21+03:00
[INFO] ------------------------------------------------------------------------
[ERROR] Failed to execute goal org.springframework.boot:spring-boot-maven-plugin:4.1.0:run (default-cli) on project banking-transaction-risk-fraud-monitoring: Process terminated with exit code: 1 -> [Help 1]
[ERROR] 
[ERROR] To see the full stack trace of the errors, re-run Maven with the -e switch.
[ERROR] Re-run Maven using the -X switch to enable full debug logging.
[ERROR] 
[ERROR] For more information about the errors and possible solutions, please read the following articles:
[ERROR] [Help 1] http://cwiki.apache.org/confluence/display/MAVEN/MojoExecutionException
